Date,garch_vol
2015-01-02,0.6438959400621588
2015-01-05,0.6310613092806754
2015-01-06,0.6694068533543148
2015-01-07,0.671585587257451
2015-01-08,0.6661335065882912
2015-01-09,0.6582575859043163
2015-01-12,0.6466137787885456
2015-01-13,0.6508724973923722
2015-01-14,0.6475035806968543
2015-01-15,0.6807648710013365
2015-01-16,0.6805740843560169
2015-01-19,0.6823477998904276
2015-01-20,0.6712283298027449
2015-01-21,0.6592161154897551
2015-01-22,0.6457229677967454
2015-01-23,0.6385330328773732
2015-01-27,0.6297944905020051
2015-01-28,0.6185120902822582
2015-01-29,0.6062048792708677
2015-01-30,0.6071302054192577
2015-02-02,0.6104636477056312
2015-02-03,0.7097440198103783
2015-02-04,0.7024571844105696
2015-02-05,0.7084584922889271
2015-02-06,0.6962319022993384
2015-02-09,0.6938626058044634
2015-02-10,0.7412321027460032
2015-02-11,0.726022937975245
2015-02-12,0.7153115226365732
2015-02-13,0.714650707980057
2015-02-16,0.6998068350577556
2015-02-18,0.7087332433737678
2015-02-19,0.6974780083468822
2015-02-20,0.6913922039285498
2015-02-23,0.6773913272630732
2015-02-24,0.6640855300723885
2015-02-25,0.654195802780808
2015-02-26,0.6537324260939098
2015-02-27,0.6490018878854253
2015-03-02,0.6619851216072752
2015-03-03,0.6496492124652765
2015-03-04,0.6439481181657878
2015-03-05,0.6622704356382673
2015-03-09,0.6713586793703082
2015-03-10,0.7055157207461469
2015-03-11,0.6936203050057586
2015-03-12,0.7369221035645204
2015-03-13,0.7285758598573491
2015-03-16,0.7151992235933867
2015-03-17,0.7402544308925114
2015-03-18,0.77410726676304
2015-03-19,0.7585686833304676
2015-03-20,0.7517394020572465
2015-03-23,0.7440995599307307
2015-03-24,0.7435151997985225
2015-03-25,0.7326614392452193
2015-03-26,0.720071844736424
2015-03-27,0.7065282503888816
2015-03-30,0.7283067357395107
2015-03-31,0.7571216900169412
2015-04-01,0.7410977199660288
2015-04-06,0.7271070675678114
2015-04-07,0.7427393500950523
2015-04-08,0.738416912129201
2015-04-09,0.7227373059008448
2015-04-10,0.7099091630991468
2015-04-13,0.6965792656602644
2015-04-15,0.6941934345027447
2015-04-16,0.6834389334590565
2015-04-17,0.6765746168405689
2015-04-20,0.6625815291068858
2015-04-21,0.6509608352243735
2015-04-22,0.687730486925708
2015-04-23,0.6741476431250976
2015-04-24,0.7114612494284778
2015-04-27,0.7279384436473475
2015-04-28,0.7131189262628661
2015-04-29,0.698653219557712
2015-04-30,0.6842453872201563
2015-05-04,0.6719832595837848
2015-05-05,0.6899643721218786
2015-05-06,0.675874156338886
2015-05-07,0.6719991563517366
2015-05-08,0.679021451864271
2015-05-11,0.7076673921716
2015-05-12,0.6929302192006521
2015-05-13,0.6898918748471249
2015-05-14,0.7383666269233585
2015-05-15,0.7280853913075653
2015-05-18,0.7127692831957493
2015-05-19,0.7055019013576738
2015-05-20,0.6910923883204122
2015-05-21,0.6794318948190634
2015-05-22,0.7330175209827894
2015-05-25,0.7237093267937157
2015-05-26,0.7088759951405252
2015-05-27,0.6943615890186581
2015-05-28,0.6808424362865247
2015-05-29,0.6681271290900479
2015-06-01,0.6780076190258458
2015-06-02,0.6669695895801923
2015-06-03,0.66620571381059
2015-06-04,0.6528657578322067
2015-06-05,0.6468131811517479
2015-06-08,0.6424104521611709
2015-06-09,0.6307873197621274
2015-06-10,0.6206159405080236
2015-06-11,0.6083148199195083
2015-06-12,0.5993039313293675
2015-06-15,0.5967684891973768
2015-06-16,0.5960807951563337
2015-06-17,0.5892423652229738
2015-06-18,0.5778876063026744
2015-06-19,0.5744863267850723
2015-06-22,0.5638411713710543
2015-06-23,0.5575330099613457
2015-06-24,0.5473218549543707
2015-06-25,0.5436241899530586
2015-06-26,0.5376969297205347
2015-06-29,0.5279819620516724
2015-06-30,0.5457493102939261
2015-07-01,0.5644995323245878
2015-07-02,0.5541683244801612
2015-07-03,0.5469741786497498
2015-07-06,0.5374790770965893
2015-07-07,0.5293326893201223
2015-07-08,0.5261991018681833
2015-07-09,0.5174246854749015
2015-07-10,0.5296446466906383
2015-07-13,0.5205395514895413
2015-07-14,0.5133012715600409
2015-07-15,0.5066968319881757
2015-07-16,0.5012937670255913
2015-07-17,0.49519407415034256
2015-07-20,0.48733353142618646
2015-07-21,0.4933303948464894
2015-07-22,0.4904954091876049
2015-07-23,0.49442847614590846
2015-07-24,0.4942587482196146
2015-07-27,0.49828386945275277
2015-07-28,0.48987637227929404
2015-07-29,0.4879790342764802
2015-07-30,0.4806760500410243
2015-07-31,0.47561332371877524
2015-08-03,0.4698663864564594
2015-08-04,0.46218809477973977
2015-08-05,0.45664961867275916
2015-08-06,0.472873620470972
2015-08-07,0.46706726251748215
2015-08-10,0.46011889048454857
2015-08-11,0.45853498114114427
2015-08-12,0.4511878092095331
2015-08-13,0.6005078274856932
2015-08-14,0.5887392546371051
2015-08-17,0.5797039652003172
2015-08-18,0.6308833185299382
2015-08-19,0.6434241477793934
2015-08-20,0.6376885137344478
2015-08-21,0.6291484607579102
2015-08-24,0.6285278048980294
2015-08-25,0.631044010883926
2015-08-26,0.6190467135742489
2015-08-27,0.6079142766947732
2015-08-28,0.6174853716046059
2015-08-31,0.6052611562407181
2015-09-01,0.593760078282623
2015-09-02,0.5850146472573925
2015-09-03,0.5886660875311548
2015-09-04,0.5777125543081733
2015-09-07,0.5667069326576993
2015-09-08,0.5562541858647035
2015-09-09,0.5662543471666995
2015-09-10,0.569370376257957
2015-09-11,0.570814382754053
2015-09-14,0.5682991394248335
2015-09-15,0.5576529518614189
2015-09-16,0.554880532382905
2015-09-18,0.5448246580589879
2015-09-21,0.5355279238648111
2015-09-22,0.5435995093371954
2015-09-23,0.5530286634730397
2015-09-24,0.5433500599825112
2015-09-28,0.5335292718058854
2015-09-29,0.5263935718005275
2015-09-30,0.5169118043265415
2015-10-01,0.5100920842341186
2015-10-05,0.50117154388472
2015-10-06,0.49489945329575186
2015-10-07,0.4864512555993917
2015-10-08,0.5179958641081612
2015-10-09,0.510446168163259
2015-10-12,0.5086972027486975
2015-10-13,0.5554174818686306
2015-10-14,0.545916937263262
2015-10-15,0.5403174690828312
2015-10-16,0.5518228355471848
2015-10-19,0.542559112434064
2015-10-20,0.533050006718082
2015-10-21,0.5233401262806492
2015-10-23,0.5138964137479746
2015-10-26,0.5070918173848372
2015-10-27,0.5000871174232847
2015-10-28,0.49145483350534686
2015-10-29,0.4832242106548121
2015-10-30,0.4802757275387739
2015-11-02,0.47559344200881376
2015-11-03,0.46877957527592695
2015-11-04,0.4771668438120483
2015-11-05,0.46962942958889003
2015-11-06,0.4776219171605062
2015-11-09,0.4757160546876878
2015-11-10,0.474674083714244
2015-11-13,0.46790697248161855
2015-11-16,0.4900757500861633
2015-11-17,0.4837927195101654
2015-11-18,0.47637381226956255
2015-11-19,0.4747074161832557
2015-11-20,0.46914381947925177
2015-11-23,0.46849942753236523
2015-11-24,0.4646399190323616
2015-11-26,0.45813751124773416
2015-11-27,0.451155875170652
2015-11-30,0.450318878495997
2015-12-01,0.4432579012149966
2015-12-02,0.4365525404855917
2015-12-03,0.4336107340555328
2015-12-04,0.4270850117006087
2015-12-07,0.42086995964978086
2015-12-08,0.4170288213052962
2015-12-09,0.4116567745241649
2015-12-10,0.4061161189631301
2015-12-11,0.40053081513345595
2015-12-14,0.40765004893326207
2015-12-15,0.4068947926289756
2015-12-16,0.40181393787799474
2015-12-17,0.39740370769727734
2015-12-18,0.3969333382109703
2015-12-21,0.3945438460046214
2015-12-22,0.390211611046632
2015-12-23,0.3913616167036311
2015-12-24,0.40000361839258336
2015-12-28,0.4039633846462931
2015-12-29,0.42062928577588
2015-12-30,0.4172317293443474
2015-12-31,0.4131884940565805
2016-01-01,0.4076409384568661
2016-01-04,0.40468428312619054
2016-01-05,0.44752992438748734
2016-01-06,0.47908094579044247
2016-01-07,0.4712417070943811
2016-01-08,0.4758302852115921
2016-01-11,0.4702750625889375
2016-01-12,0.4697870578308039
2016-01-13,0.46251893051916587
2016-01-14,0.4569478401869072
2016-01-15,0.4503673804267797
2016-01-18,0.44326361373463197
2016-01-19,0.4556268228632531
2016-01-20,0.4483492936105668
2016-01-21,0.45688897332048967
2016-01-22,0.4501495801394547
2016-01-25,0.44311817596510167
2016-01-27,0.4560462484750169
2016-01-28,0.4580805904416625
2016-01-29,0.45091800359754014
2016-02-01,0.45809143394424756
2016-02-02,0.45224054313729134
2016-02-03,0.47299340166808407
2016-02-04,0.4657851405332551
2016-02-05,0.4638503449777841
2016-02-08,0.4563017350606004
2016-02-09,0.4556574440914608
2016-02-10,0.44855336947318347
2016-02-11,0.46977335576652524
2016-02-12,0.4624318071702769
2016-02-15,0.45582115305666726
2016-02-16,0.47760311437554065
2016-02-17,0.4762122385806272
2016-02-18,0.47154641631593386
2016-02-19,0.4917981891370527
2016-02-22,0.48435525279289127
2016-02-23,0.47623503157885105
2016-02-24,0.46885256761453786
2016-02-25,0.46137897801603917
2016-02-26,0.4551807633924592
2016-02-29,0.4616581093827538
2016-03-01,0.4565081908268456
2016-03-02,0.45229570138141206
2016-03-03,0.45031275939079163
2016-03-04,0.45393513916351097
2016-03-08,0.44702503027189344
2016-03-09,0.4610192970630815
2016-03-10,0.48174620644506383
2016-03-11,0.4875823603830458
2016-03-14,0.48006435747914367
2016-03-15,0.47281798248197654
2016-03-16,0.4781632656026529
2016-03-17,0.48202073440164905
2016-03-18,0.4750274551468973
2016-03-21,0.48009200233053706
2016-03-22,0.47238220935020536
2016-03-23,0.46730273367163966
2016-03-28,0.46999487255686273
2016-03-29,0.47648800467322855
2016-03-30,0.4688661151580019
2016-03-31,0.4846254089200554
2016-04-01,0.4818178407998465
2016-04-04,0.47492425139030003
2016-04-05,0.4741760599288109
2016-04-06,0.47353118473866623
2016-04-07,0.46927100331233756
2016-04-08,0.46157067317486716
2016-04-11,0.4564428673919637
2016-04-12,0.4564726479280833
2016-04-13,0.4596660257475173
2016-04-18,0.459754987658328
2016-04-20,0.452375966722085
2016-04-21,0.4596138649540468
2016-04-22,0.4546415584392158
2016-04-25,0.4478838545316675
2016-04-26,0.4423645385961682
2016-04-27,0.43966064720204223
2016-04-28,0.43485462988391926
2016-04-29,0.4392616230250397
2016-05-02,0.440736561903141
2016-05-03,0.471336610769845
2016-05-04,0.47891907773941933
2016-05-05,0.4721822912421826
2016-05-06,0.4720682788917439
2016-05-09,0.4780620120321242
2016-05-10,0.47004827097529167
2016-05-11,0.4697394491698088
2016-05-12,0.46592626941584564
2016-05-13,0.4649534745364704
2016-05-16,0.46414898815585726
2016-05-17,0.4579625926217543
2016-05-18,0.4531206070485368
2016-05-19,0.44682040305798304
2016-05-20,0.44406085164197545
2016-05-23,0.4404054481556125
2016-05-24,0.45724372196035556
2016-05-25,0.4604028894277298
2016-05-26,0.4531354228265233
2016-05-27,0.45122955127403236
2016-05-30,0.44420524445236176
2016-05-31,0.806841925888076
2016-06-01,0.7930531583582935
2016-06-02,0.7792677518641167
2016-06-03,0.7624901329931771
2016-06-06,0.7461351652529244
2016-06-07,0.7342626859676673
2016-06-08,0.7209301492211095
2016-06-09,0.7057566865838844
2016-06-10,0.6944430401440469
2016-06-13,0.7634719465697113
2016-06-14,0.7625054844410283
2016-06-15,0.7462636551808185
2016-06-16,0.7344972974807461
2016-06-17,0.7371916769352077
2016-06-20,0.7248007526427462
2016-06-21,0.7120620811923835
2016-06-22,0.7151785404960528
2016-06-23,0.7012340540715206
2016-06-24,0.6893264463278977
2016-06-27,0.6750537525699676
2016-06-28,0.6805850375031625
2016-06-29,0.674694932671983
2016-06-30,0.663687761538247
2016-07-01,0.6501680537028095
2016-07-04,0.6369405820874875
2016-07-05,0.6241636491254157
2016-07-07,0.6311571993325799
2016-07-08,0.7732146372938207
2016-07-11,0.758412871807036
2016-07-12,0.7426738066379779
2016-07-13,0.7298443048978712
2016-07-14,0.7482345263128979
2016-07-15,0.7326556988086806
2016-07-18,0.7304987743585651
2016-07-19,0.7233885811528724
2016-07-20,0.7090147216557158
2016-07-21,0.6983966585754338
2016-07-22,0.6837858300237578
2016-07-25,0.6718785056841822
2016-07-26,0.6581177126960994
2016-07-27,0.6904817348783099
2016-07-28,0.7012318073137668
2016-07-29,0.6951448978755851
2016-08-01,0.6914232568551205
2016-08-02,0.6770524406460368
2016-08-03,0.6630730376392733
2016-08-04,0.6535721949889562
2016-08-05,0.6678733342983934
2016-08-08,0.6851370189120303
2016-08-09,0.7399378991005833
2016-08-10,0.7266159599886093
2016-08-11,0.7125169213956646
2016-08-12,0.7129798316587842
2016-08-16,0.7053481320354351
2016-08-17,0.7732914127973887
2016-08-18,0.7702875049335205
2016-08-19,0.7536771883706658
2016-08-22,0.7528656589514819
2016-08-23,0.7411417069938834
2016-08-24,0.7257387100860659
2016-08-25,0.7281017642241431
2016-08-26,0.7127654636898395
2016-08-29,0.7064673073915304
2016-08-30,0.6952338346308009
2016-08-31,0.6991229250203774
2016-09-01,0.6863636599565442
2016-09-02,0.6916646028941069
2016-09-06,0.6772691988159132
2016-09-07,0.6676702281494641
2016-09-08,0.6539849159374458
2016-09-09,0.6486321923287672
2016-09-12,0.6734882175588905
2016-09-14,0.752152880277045
2016-09-15,0.7445919917800952
2016-09-16,0.7677432188858409
2016-09-19,0.751539860573628
2016-09-20,0.7357080839285367
2016-09-21,0.7202907310575528
2016-09-22,0.7173111795927959
2016-09-23,0.7148868612180487
2016-09-26,0.7042977715976745
2016-09-27,0.6895449386906909
2016-09-28,0.691943040542699
2016-09-29,0.6926624425676882
2016-09-30,0.6969956688155683
2016-10-03,0.6840709816811226
2016-10-04,0.6736297175646101
2016-10-05,0.6723997944082396
2016-10-06,0.677827646430404
2016-10-07,0.6675051472431939
2016-10-10,0.7171493392960702
2016-10-13,0.7042457955722383
2016-10-14,0.7206226013281565
2016-10-17,0.705390934194895
2016-10-18,0.7128453307107688
2016-10-19,0.7133123173194602
2016-10-20,0.7035946375667276
2016-10-21,0.7106367415395598
2016-10-24,0.7119151938652156
2016-10-25,0.6976542906023319
2016-10-26,0.7018263506995208
2016-10-27,0.734929894705615
2016-10-28,0.7229801499600853
2016-11-01,0.7110024867356027
2016-11-02,0.7163840984736906
2016-11-03,0.7029847697996369
2016-11-04,0.8438331832328224
2016-11-07,0.848697343718875
2016-11-08,0.8788614596550298
2016-11-09,0.8610577336227772
2016-11-10,0.8499596680390982
2016-11-11,0.8343195981748215
2016-11-15,0.8159467210523917
2016-11-16,0.8607158926341874
2016-11-17,0.8773220673715726
2016-11-18,0.9025630813593136
2016-11-21,0.8826655822788111
2016-11-22,0.8819776386585365
2016-11-23,0.9345241782408555
2016-11-24,0.9215749831558577
2016-11-25,0.9360297037212204
2016-11-28,0.9311684664485755
2016-11-29,0.9120830880088564
2016-11-30,0.914845288435223
2016-12-01,0.8981680626728571
2016-12-02,0.8882720205079364
2016-12-05,0.8720850043761464
2016-12-06,0.870621917235031
2016-12-07,0.8520301446752679
2016-12-08,0.8381007487276457
2016-12-09,0.8269465564083153
2016-12-12,0.8245385189960649
2016-12-13,0.8123173713297934
2016-12-14,0.8202727429299306
2016-12-15,0.8023107788385581
2016-12-16,0.7850788983795745
2016-12-19,0.797341572541338
2016-12-20,0.7800141954781782
2016-12-21,0.7632109798850009
2016-12-22,0.7498431884279101
2016-12-23,0.7558949886394756
2016-12-26,0.7436857529159733
2016-12-27,0.7603060861028326
2016-12-28,0.7439662569929346
2016-12-29,0.7288706883617182
2016-12-30,0.7134255812738998
2017-01-02,0.6991943447883341
2017-01-03,0.6874532002625159
2017-01-04,0.6755765007432847
2017-01-05,0.6624389057268074
2017-01-06,0.6527658195426334
2017-01-09,0.6430551454285065
2017-01-10,0.6555100672881453
2017-01-11,0.6623768111526455
2017-01-12,0.7017574101625116
2017-01-13,0.6968158325910548
2017-01-16,0.7176377386829732
2017-01-17,0.725866905400052
2017-01-18,0.7105442928313866
2017-01-19,0.6990966723757802
2017-01-20,0.6849592398072143
2017-01-23,0.6709533295255365
2017-01-24,0.7651582952046028
2017-01-25,0.7854726647017751
2017-01-27,0.7744965366627421
2017-01-30,0.7577663462391734
2017-01-31,0.758241982769138
2017-02-01,0.7481013113201453
2017-02-02,0.7778419400048165
2017-02-03,0.8264403168424801
2017-02-06,0.8083451437790136
2017-02-07,0.7962665736547652
2017-02-08,0.8053159625752179
2017-02-09,0.8112442413879452
2017-02-10,0.7987539124027611
2017-02-13,0.8124603683543234
2017-02-14,0.7984639528547417
2017-02-15,0.7899561601554209
2017-02-16,0.775197553158208
2017-02-17,0.758458176640415
2017-02-20,0.7637466802331514
2017-02-21,0.8170913343988384
2017-02-22,0.8064568976942984
2017-02-23,0.7888830464901079
2017-02-27,0.7755281475508012
2017-02-28,0.7589410746670472
2017-03-01,0.7574247028149685
2017-03-02,0.7423777928399377
2017-03-03,0.7340387332652657
2017-03-06,0.8514996583826888
2017-03-07,0.8375990896023641
2017-03-08,0.8386621846184913
2017-03-09,0.8210663840124718
2017-03-10,0.8030528625665274
2017-03-14,0.7873494715438625
2017-03-15,0.7728583201624116
2017-03-16,0.760906077084615
2017-03-17,0.7470977091089546
2017-03-20,0.7511826130229265
2017-03-21,0.7408281991517965
2017-03-22,0.7335244878572268
2017-03-23,0.7266879044053819
2017-03-24,0.7193388857091304
2017-03-27,0.7111162132330976
2017-03-28,0.6972698460321792
2017-03-29,0.682862518396519
2017-03-30,0.6719040056384735
2017-03-31,0.6582117544491135
2017-04-03,0.6634082957286692
2017-04-05,0.6619418846807316
2017-04-06,0.657849900916571
2017-04-07,0.7359033193519201
2017-04-10,0.7296996894111474
2017-04-11,0.7155284747752709
2017-04-12,0.726185813883533
2017-04-13,0.7107921371629079
2017-04-17,0.7456825437078325
2017-04-18,0.7333676891969998
2017-04-19,0.7888403461451763
2017-04-20,0.7779323299634519
2017-04-21,0.7620257000859383
2017-04-24,0.7592385517998433
2017-04-25,0.7560580189259609
2017-04-26,0.7400889732715045
2017-04-27,0.7782304108314727
2017-04-28,0.7617096540606033
2017-05-02,0.7652167692466518
2017-05-03,0.7576044821863841
2017-05-04,0.7471309047513168
2017-05-05,0.7767366991147001
2017-05-08,0.7839961226066688
2017-05-09,0.7688596737411987
2017-05-10,0.7571523477870269
2017-05-11,0.7414920784795335
2017-05-12,0.7753272998323844
2017-05-15,0.7608532365484826
2017-05-16,0.7466656696880285
2017-05-17,0.7386133574671376
2017-05-18,0.8785599814669194
2017-05-19,0.867432004290102
2017-05-22,0.8730617779250642
2017-05-23,0.8537384554536641
2017-05-24,0.8351535344649539
2017-05-25,0.8279674719513745
2017-05-26,0.8247085848846479
2017-05-29,0.8080087696006979
2017-05-30,0.8184549618905463
2017-05-31,0.8010076173356266
2017-06-01,0.7835683704184526
2017-06-02,0.7682709647098954
2017-06-05,0.7555385553729472
2017-06-06,0.7394457860072651
2017-06-07,0.7268352380907174
2017-06-08,0.7159301433724371
2017-06-09,0.7044428690377917
2017-06-12,0.6918809228837097
2017-06-13,0.6850150122904752
2017-06-14,0.6707895385124305
2017-06-15,0.6613061546470402
2017-06-16,0.6721765176876592
2017-06-19,0.6609442533798265
2017-06-20,0.6474253310563423
2017-06-21,0.6343870698635817
2017-06-22,0.6530767883322848
2017-06-23,0.6729521844758563
2017-06-27,0.6593516859773334
2017-06-28,0.6549874806712253
2017-06-29,0.6438497240201719
2017-06-30,0.6420396044682595
2017-07-03,0.6737036473160211
2017-07-04,0.6925748836521899
2017-07-05,0.6924081457976127
2017-07-06,0.6782414811300529
2017-07-07,0.6902072630162562
2017-07-10,0.6792165194872979
2017-07-11,0.6672990572997181
2017-07-12,0.7146285881644311
2017-07-13,0.7006924989434833
2017-07-14,0.6980156171885816
2017-07-17,0.7009543836786194
2017-07-18,0.7004318104431186
2017-07-19,0.701416635804721
2017-07-20,0.7093760492465799
2017-07-21,0.6987881354151347
2017-07-24,0.6933686702696742
2017-07-25,0.6827584316470019
2017-07-26,0.7041613300820916
2017-07-27,0.7049049466977318
2017-07-28,0.6927661991918019
2017-07-31,0.6884770382197447
2017-08-01,0.6770392796510738
2017-08-02,0.6991959262614229
2017-08-03,0.7073805744694603
2017-08-04,0.7214241422805029
2017-08-07,0.7086894908616028
2017-08-08,0.7503804774993271
2017-08-09,0.7402179805117476
2017-08-10,0.8397221087845719
2017-08-11,0.8235527815345799
2017-08-14,1.093493127606155
2017-08-16,1.068965076365629
2017-08-17,1.0492587506434177
2017-08-18,1.0275805924988732
2017-08-21,1.0041889764316614
2017-08-22,1.0002062002573475
2017-08-23,1.005739323925435
2017-08-24,0.9943190119070072
2017-08-28,0.9722190906065165
2017-08-29,0.9536120975407854
2017-08-30,0.958501610380165
2017-08-31,0.9897379452398289
2017-09-01,0.9717922381019302
2017-09-04,0.9524256436377487
2017-09-05,0.9309563549684428
2017-09-06,0.9123313408630335
2017-09-07,0.9107990418455328
2017-09-08,0.9162315960591567
2017-09-11,0.8979600794766196
2017-09-12,0.883085425661701
2017-09-13,0.9128623782860156
2017-09-14,0.8975644775842446
2017-09-15,0.8775189707656911
2017-09-18,0.8580293585519999
2017-09-19,0.8600963366575666
2017-09-20,0.867553195813743
2017-09-21,0.9041574209241543
2017-09-22,0.8844896889767312
2017-09-25,0.8762388640529497
2017-09-26,0.8694494327935436
2017-09-27,0.8510572415305278
2017-09-28,0.8328215378474735
2017-09-29,0.8491787755064616
2017-10-03,0.8327232887726483
2017-10-04,0.8191262733944453
2017-10-05,0.8024704616897216
2017-10-06,0.7904219821961986
2017-10-09,0.7732744094629044
2017-10-10,0.775363333219703
2017-10-11,0.7955455078693988
2017-10-12,0.7783322591549267
2017-10-13,0.9754965980299242
2017-10-16,0.977193715712229
2017-10-17,0.9712442661007017
2017-10-18,0.9963476596717431
2017-10-19,0.9737172169968314
2017-10-23,0.9516075806591932
2017-10-24,0.953992907459692
2017-10-25,0.9734235954438202
2017-10-26,0.9545927035102298
2017-10-27,0.9406234289095734
2017-10-30,0.9254397949088369
2017-10-31,0.9549090375362287
2017-11-01,0.9348311498255162
2017-11-02,0.9770846306719956
2017-11-03,0.977812026293686
2017-11-06,0.9664814173811388
2017-11-07,0.9753482238839464
2017-11-08,0.9566045783491824
2017-11-09,0.9553898150862842
2017-11-10,0.9473988163034887
2017-11-13,0.9277906794649454
2017-11-14,0.9073150238247384
2017-11-15,0.8924552884683997
2017-11-16,0.9358449156931848
2017-11-17,0.9147387577676072
2017-11-20,0.8949939863073776
2017-11-21,0.8828067737038551
2017-11-22,0.8769734762898563
2017-11-23,0.8771058078245108
2017-11-24,0.8716547294084087
2017-11-27,0.8597125016606001
2017-11-28,0.8406541505803758
2017-11-29,0.8226301843895375
2017-11-30,0.8533178646495663
2017-12-01,0.8377989695315233
2017-12-04,0.8202061328186783
2017-12-05,0.808292433208946
2017-12-06,0.8233579239114408
2017-12-07,0.8496530816679562
2017-12-08,0.8349714623978569
2017-12-11,0.8174245342491214
2017-12-12,0.8072581275705746
2017-12-13,0.8048838454583722
2017-12-14,0.7877947704627664
2017-12-15,0.7708852784756153
2017-12-18,0.7741906590902131
2017-12-19,0.7797440379956164
2017-12-20,0.7766393021161367
2017-12-21,0.8294364083674854
2017-12-22,0.813036005565652
2017-12-26,0.8467094438059766
2017-12-27,0.8389847102202719
2017-12-28,0.8398006569474766
2017-12-29,0.8648810851722513
2018-01-01,0.8459692718955407
2018-01-02,0.8287312811321774
2018-01-03,0.8145811285332415
2018-01-04,0.8090438634606582
2018-01-05,0.8322712310829362
2018-01-08,0.8862935909986368
2018-01-09,0.8667461294031952
2018-01-10,0.8984790983116995
2018-01-11,0.8907096637780071
2018-01-12,0.8710830054571782
2018-01-15,0.8544403999152721
2018-01-16,0.899754336745315
2018-01-17,0.8797548829230494
2018-01-18,0.8605558950348359
2018-01-19,0.8451082153010794
2018-01-22,0.8478106751615505
2018-01-23,0.8400230607718158
2018-01-24,0.822474749924626
2018-01-25,0.8047403777768155
2018-01-29,0.794297293761603
2018-01-30,0.8175427547071233
2018-01-31,0.8110690653216384
2018-02-01,1.0834470281778725
2018-02-02,1.0693267950749508
2018-02-05,1.053727550372457
2018-02-06,1.0308842783817893
2018-02-07,1.0144786207667835
2018-02-08,0.9997597788905143
2018-02-09,0.9996860912023089
2018-02-12,1.0319237878699872
2018-02-14,1.127783522067351
2018-02-15,1.105325326879474
2018-02-16,1.2140532794733971
2018-02-19,1.185677103254436
2018-02-20,1.3632557236879639
2018-02-21,1.3311914401140368
2018-02-22,1.320789438175196
2018-02-23,1.2898350589763272
2018-02-26,1.3130124787852473
2018-02-27,1.2835407085813615
2018-02-28,1.2544471011688085
2018-03-01,1.22643653890905
2018-03-05,1.2339987590502952
2018-03-06,1.2278166039998228
2018-03-07,1.2270401484659725
2018-03-08,1.2066559739353666
2018-03-09,1.1844759410740593
2018-03-12,1.220226284897134
2018-03-13,1.1955330631714927
2018-03-14,1.18176729000488
2018-03-15,1.1674351388880675
2018-03-16,1.1420201381943522
2018-03-19,1.116228522632173
2018-03-20,1.093348625187812
2018-03-21,1.0829369342126949
2018-03-22,1.0594895710331813
2018-03-23,1.0434488104401938
2018-03-26,1.0609394346838537
2018-03-27,1.0372390002182663
2018-03-28,1.045775475885568
2018-04-02,1.0303961087476643
2018-04-03,1.0524092918909016
2018-04-04,1.044761746889338
2018-04-05,1.0211439962748448
2018-04-06,1.051595284599841
2018-04-09,1.0352805109780332
2018-04-10,1.0861167670211203
2018-04-11,1.0737372261611386
2018-04-12,1.0543776309845498
2018-04-13,1.0339663655090008
2018-04-16,1.067131147758298
2018-04-17,1.050387549795551
2018-04-18,1.0294755275867051
2018-04-19,1.008760959479271
2018-04-20,1.247833233348505
2018-04-23,1.2269428456374796
2018-04-24,1.2456349842777281
2018-04-25,1.4594083502037483
2018-04-26,1.4252908516354348
2018-04-27,1.4123175983226124
2018-04-30,1.3877212691888041
2018-05-02,1.355999938190065
2018-05-03,1.3242456481970408
2018-05-04,1.293100143180721
2018-05-07,1.264780838726737
2018-05-08,1.2363153110154703
2018-05-09,1.2082006393010898
2018-05-10,1.1892870702609162
2018-05-11,1.2050627425089842
2018-05-14,1.1877630729522728
2018-05-15,1.163210511759364
2018-05-16,1.150940882088388
2018-05-17,1.1316243904329901
2018-05-18,1.1154485517051538
2018-05-21,1.119122054891484
2018-05-22,1.0967606836575128
2018-05-23,1.1262411116804243
2018-05-24,1.168740429923121
2018-05-25,1.1435712837632452
2018-05-28,1.1403271474441743
2018-05-29,1.1664138687189163
2018-05-30,1.1412005649119994
2018-05-31,1.1471187009775363
2018-06-01,1.1318459714010236
2018-06-04,1.2077717826341094
2018-06-05,1.181146712251158
2018-06-06,1.1565389891162163
2018-06-07,1.1430712363794955
2018-06-08,1.1763068679507385
2018-06-11,1.1880272976965158
2018-06-12,1.2092846962813284
2018-06-13,1.1822710456334244
2018-06-14,1.2366609624856497
2018-06-15,1.2086140247703296
2018-06-18,1.2214215427103112
2018-06-19,1.208728589911426
2018-06-20,1.1980842672326417
2018-06-21,1.176828996020753
2018-06-22,1.1539675387841448
2018-06-25,1.1305617452720347
2018-06-26,1.1116168166222096
2018-06-27,1.1553283580096967
2018-06-28,1.13803944689141
2018-06-29,1.1137278115044307
2018-07-02,1.097261069568816
2018-07-03,1.0991799246623963
2018-07-04,1.0748741256426437
2018-07-05,1.0676684894540407
2018-07-06,1.0444905860032017
2018-07-09,1.0205192028779924
2018-07-10,0.9981484009198823
2018-07-11,0.9831999251392464
2018-07-12,0.9793616218311874
2018-07-13,0.9572433038280869
2018-07-16,0.9461006341434806
2018-07-17,1.0144536041864929
2018-07-18,0.9957658476466833
2018-07-19,0.9834513679414513
2018-07-20,1.1647435700911364
2018-07-23,1.1520984777441041
2018-07-24,1.1468750724782495
2018-07-25,1.1887767089819794
2018-07-26,1.1640193606768106
2018-07-27,1.1417515806278633
2018-07-30,1.1177198242505604
2018-07-31,1.103593891596268
2018-08-01,1.0803992810160188
2018-08-02,1.0655573390255197
2018-08-03,1.041256090084693
2018-08-06,1.034411176600699
2018-08-07,1.041734958221576
2018-08-08,1.0392790866774018
2018-08-09,1.0154428521434344
2018-08-10,1.0119715959084088
2018-08-13,0.9918265280794804
2018-08-14,0.9732737141751513
2018-08-16,0.9706051304753759
2018-08-17,0.9510675510831418
2018-08-20,0.9305292121831353
2018-08-21,0.9096122374411617
2018-08-23,0.9378688363636141
2018-08-24,0.9206447730361768
2018-08-27,0.9001113048156989
2018-08-28,0.9353084810226546
2018-08-29,0.9572349582407776
2018-08-30,0.9526541693388794
2018-08-31,0.934595457696327
2018-09-03,0.9138263277868589
2018-09-04,0.8960343115071533
2018-09-05,0.8797924775794258
2018-09-06,0.888968635985226
2018-09-07,0.9331442521167779
2018-09-10,0.9125034186101424
2018-09-11,0.9269629593070503
2018-09-12,0.9234645964372094
2018-09-14,0.9141203845629489
2018-09-17,0.9199932539429764
2018-09-18,0.9299087975318211
2018-09-19,0.9588747178629328
2018-09-21,0.9401533709466876
2018-09-24,0.9351928885473627
2018-09-25,0.9586492733928621
2018-09-26,0.9787916855274968
2018-09-27,0.9628659059140432
2018-09-28,0.9753832190673039
2018-10-01,0.9716415564259271
2018-10-03,1.1495298741026088
2018-10-04,1.2846481863423944
2018-10-05,1.2629769618984839
2018-10-08,1.2690272720486113
2018-10-09,1.4781641921164836
2018-10-10,1.4499140669454402
2018-10-11,1.4169427774293635
2018-10-12,1.3835257468604822
2018-10-15,1.3581076909215917
2018-10-16,1.378703282414611
2018-10-17,1.3507625217129247
2018-10-19,1.331477907716228
2018-10-22,1.3008127155148757
2018-10-23,1.2705239479440777
2018-10-24,1.2650810300670496
2018-10-25,1.315909825713279
2018-10-26,1.3215488154490558
2018-10-29,1.3004302556226335
2018-10-30,1.29416183640381
2018-10-31,1.2729324791379122
2018-11-01,1.24307729551764
2018-11-02,1.316605772454973
2018-11-05,1.2954479129196679
2018-11-06,1.2654907434724714
2018-11-07,1.2365395375655426
2018-11-09,1.2075842132042807
2018-11-12,1.1860170991555892
2018-11-13,1.3453727133630873
2018-11-14,1.3136112951307146
2018-11-15,1.2868562005993016
2018-11-16,1.273498219977243
2018-11-19,1.2465995592047834
2018-11-20,1.220148508326099
2018-11-21,1.2287814477127639
2018-11-22,1.2314301878494216
2018-11-26,1.2035663209636116
2018-11-27,1.191912447645558
2018-11-28,1.182554996984467
2018-11-29,1.1773063606255323
2018-11-30,1.1794464722863973
2018-12-03,1.163097186061264
2018-12-04,1.1531588622906668
2018-12-05,1.1264262374156477
2018-12-06,1.1281235782067844
2018-12-07,1.1027826832678256
2018-12-10,1.0790963710414074
2018-12-11,1.056524491062972
2018-12-12,1.0333073751956803
2018-12-13,1.0137370236235759
2018-12-14,0.9948931516255305
2018-12-17,0.9727191942038556
2018-12-18,0.9544071222217854
2018-12-19,0.9350264983467155
2018-12-20,0.9184339370565724
2018-12-21,0.902752975322847
2018-12-24,0.8847021212443849
2018-12-26,0.887747067165242
2018-12-27,0.8690005110359532
2018-12-28,0.8798474129222992
2018-12-31,0.8609524742106577
2019-01-01,0.8418998393350536
2019-01-02,0.8274203863177125
2019-01-03,0.8095959919197672
2019-01-04,0.7936145448922691
2019-01-07,0.7768468558814483
2019-01-08,0.7644953783282861
2019-01-09,0.7772625143164679
2019-01-10,0.7809613160445633
2019-01-11,0.7718192189592271
2019-01-14,0.7830511113204899
2019-01-15,0.7698246776043637
2019-01-16,0.7545841546620166
2019-01-17,0.7384077923838049
2019-01-18,0.7293493064085013
2019-01-21,0.738565231899207
2019-01-22,0.7270432368466372
2019-01-23,0.7143021371485211
2019-01-24,0.7008314359109059
2019-01-25,0.687882424472099
2019-01-28,0.6825865463305782
2019-01-29,0.6757984857277213
2019-01-30,0.6619196004021922
2019-01-31,0.6566672605448076
2019-02-01,0.6438351829774245
2019-02-04,0.657504733855717
2019-02-05,0.7557885631284883
2019-02-06,0.7753978019139561
2019-02-07,0.7590472774139974
2019-02-08,0.7653383496708703
2019-02-11,0.7740490719053623
2019-02-12,0.9347553539497911
2019-02-14,0.9307586086771019
2019-02-15,0.9442498457087991
2019-02-18,0.9229378628944719
2019-02-19,0.9049271485023214
2019-02-20,0.884665313848444
2019-02-21,0.8655096427734991
2019-02-22,0.8489103214074939
2019-02-25,0.831276561835125
2019-02-26,0.8143940692750009
2019-02-27,0.7970204803168776
2019-02-28,0.785008827463896
2019-03-01,0.7757609425106491
2019-03-05,0.7666747990492527
2019-03-06,0.7598632120091593
2019-03-07,0.7760842000707349
2019-03-08,0.7681484018847069
2019-03-11,0.7518666543363672
2019-03-12,0.7376437761132324
2019-03-13,0.7230362553617008
2019-03-14,0.7232087784475478
2019-03-15,0.7236588692070266
2019-03-18,0.7099570624106109
2019-03-19,0.7138519323877656
2019-03-20,0.7083250659747992
2019-03-22,0.8537464674060332
2019-03-25,0.8349612083758315
2019-03-26,0.8267818758298087
2019-03-27,0.8127081630581342
2019-03-28,0.7951779632938459
2019-04-01,0.7845209181419641
2019-04-02,0.7879533386224059
2019-04-03,0.7826214738094509
2019-04-04,0.7780118833890363
2019-04-05,0.7862509542913094
2019-04-08,0.7734511708748781
2019-04-09,0.7580475872152425
2019-04-10,0.7447902630404768
2019-04-11,0.739514021258169
2019-04-12,0.736456951708396
2019-04-15,0.7220528130040377
2019-04-16,0.7336948160932758
2019-04-18,0.726710598200649
2019-04-22,0.7435199855825532
2019-04-23,0.7520548592330718
2019-04-24,0.760834890915383
2019-04-25,0.7446516992609524
2019-04-26,0.7302875655911332
2019-04-30,0.8118135454131095
2019-05-02,0.7949195223546841
2019-05-03,0.7781615853497563
2019-05-06,0.7758683835775406
2019-05-07,0.7664523060887679
2019-05-08,0.770394249895976
2019-05-09,0.7632834148141593
2019-05-10,0.7475523896348145
2019-05-13,0.8652855872901519
2019-05-14,0.8494645008965978
2019-05-15,0.8353516641767047
2019-05-16,0.816948355365661
2019-05-17,0.8041019239577031
2019-05-20,0.8013113181266955
2019-05-21,0.7907977840083568
2019-05-22,0.77601811593799
2019-05-23,0.7651571502967378
2019-05-24,0.768300771046151
2019-05-27,0.7650095461881641
2019-05-28,0.7939226153967718
2019-05-29,0.7936935956766553
2019-05-30,0.785112286917778
2019-05-31,0.7702535847283578
2019-06-03,0.7585479831855468
2019-06-04,0.7436058290640762
2019-06-06,0.7323833973099378
2019-06-07,0.7216290856238349
2019-06-10,0.7076391090545212
2019-06-11,0.7009223057850643
2019-06-12,0.6878248921858137
2019-06-13,0.7205768004905316
2019-06-14,0.7095877813938635
2019-06-17,0.6971298959664506
2019-06-18,0.7368953471979769
2019-06-19,0.741829643900333
2019-06-20,0.823118472753863
2019-06-21,0.8105966303205658
2019-06-24,0.826417030271128
2019-06-25,0.8414157068051266
2019-06-26,0.8229061426733412
2019-06-27,0.8082716634478362
2019-06-28,0.7993322281118636
2019-07-01,0.7986297351759409
2019-07-02,0.7827881656408215
2019-07-03,0.7658895388226619
2019-07-04,0.7518321366081502
2019-07-05,0.7378337856905993
2019-07-08,0.7288414309956336
2019-07-09,0.7239907596712575
2019-07-10,0.708703247549101
2019-07-11,0.694605402929143
2019-07-12,0.6896255459100602
2019-07-15,0.6991070214083781
2019-07-16,0.7011719088276201
2019-07-17,0.7177437245126511
2019-07-18,0.7433339844518061
2019-07-19,0.7277048532216438
2019-07-22,0.7163494583165411
2019-07-23,0.7268170373844022
2019-07-24,0.7253472924583071
2019-07-25,0.711421216694041
2019-07-26,0.7008793787137425
2019-07-29,0.6868889485686666
2019-07-30,0.6729592693734378
2019-07-31,0.6826913370149172
2019-08-01,0.7292358103766942
2019-08-02,0.7358940056012874
2019-08-05,0.7247144822851516
2019-08-06,0.7116848979194356
2019-08-07,0.7281462554678391
2019-08-08,0.7268620741390712
2019-08-09,0.8741693752900774
2019-08-13,0.8689393152613487
2019-08-14,0.8870989065640941
2019-08-16,0.8673254561415151
2019-08-19,0.8481399103457928
2019-08-20,0.840274965057642
2019-08-21,0.8244465173313726
2019-08-22,0.8220925837035167
2019-08-23,0.8172160489764227
2019-08-26,0.7995994824892637
2019-08-27,0.7841276683664546
2019-08-28,0.7750525673032536
2019-08-29,0.7666371493259366
2019-08-30,0.7559058306375677
2019-09-03,0.7433305838169569
2019-09-04,0.7302885250096653
2019-09-05,0.7151634562873138
2019-09-06,0.7014564464956449
2019-09-09,0.6867989727799944
2019-09-11,0.6765428024471523
2019-09-12,0.6631061630124107
2019-09-13,0.6878391507291857
2019-09-16,0.6852330659326343
2019-09-17,0.681328200382387
2019-09-18,0.6889190848456612
2019-09-19,0.7171629608993538
2019-09-20,0.716880777132872
2019-09-23,0.7119952650570891
2019-09-24,0.7490637958591781
2019-09-25,0.7330640462770621
2019-09-26,0.7591754985921098
2019-09-27,0.7453250734050103
2019-09-30,0.7298372089877198
2019-10-01,0.7145672213788902
2019-10-03,0.7043506811518758
2019-10-04,0.7056983679782032
2019-10-07,0.697285171580108
2019-10-09,0.7021099091428453
2019-10-10,0.687709626151174
2019-10-11,0.6777844017947681
2019-10-14,0.6697610922453644
2019-10-15,0.6566651145236672
2019-10-16,0.6542192778296294
2019-10-17,0.672991652430143
2019-10-18,0.669375647187336
2019-10-22,0.6698341736694783
2019-10-23,0.6560911087947109
2019-10-24,0.6459815987983557
2019-10-25,0.6853691278311766
2019-10-27,0.6715097041546874
2019-10-29,0.6584738001502205
2019-10-30,0.7348091711136752
2019-10-31,0.7441585330044017
2019-11-01,0.7487968281428404
2019-11-04,0.7342742211073878
2019-11-05,0.7197354543064461
2019-11-06,0.7164038199955353
2019-11-07,0.7153694737085147
2019-11-08,0.7331312735794976
2019-11-11,0.7179849157934449
2019-11-13,0.7482610968464387
2019-11-14,0.7904265568712086
2019-11-15,0.7843125459995464
2019-11-18,0.7721206198958527
2019-11-19,0.7556169759060775
2019-11-20,0.7447002917742908
2019-11-21,0.7292743904905544
2019-11-22,0.7273965800550957
2019-11-25,0.7368892240620434
2019-11-26,0.7289948460027479
2019-11-27,0.722661579203168
2019-11-28,0.7589322932764699
2019-11-29,0.7560393715703022
2019-12-02,0.7494673260630051
2019-12-03,0.7499894948723709
2019-12-04,0.7477474075068825
2019-12-05,0.7368069433842624
2019-12-06,0.7224203536229109
2019-12-09,0.713479654579
2019-12-10,0.6986509620285535
2019-12-11,0.691158128753
2019-12-12,0.7041471770166435
2019-12-13,0.6894234540453484
2019-12-16,0.6969975744202342
2019-12-17,0.6845462317520065
2019-12-18,0.6708106146876575
2019-12-19,0.6647871366431832
2019-12-20,0.6588467160236087
2019-12-23,0.7138676242200168
2019-12-24,0.6999305034234462
2019-12-26,0.686521459792647
2019-12-27,0.690001441397973
2019-12-30,0.6756550498437227
2019-12-31,0.6624917112612568
2020-01-01,0.6503555403179582
2020-01-02,0.6373265688863117
2020-01-03,0.6245915331413965
2020-01-06,0.6354687033958397
2020-01-07,0.647536349625
2020-01-08,0.6389218655580582
2020-01-09,0.6288350469350631
2020-01-10,0.6168399777320261
2020-01-13,0.6048255128653228
2020-01-14,0.6233002546973182
2020-01-15,0.610999472351673
2020-01-16,0.5993633227647864
2020-01-17,0.5912109152160798
2020-01-20,0.5797212809832959
2020-01-21,0.571465314048191
2020-01-22,0.5820260538598586
2020-01-23,0.5739431756839879
2020-01-24,0.5646879300868044
2020-01-27,0.5542241718617799
2020-01-28,0.5440741501776211
2020-01-29,0.5644475207196333
2020-01-30,0.5540721925217034
2020-01-31,0.5655183307908186
2020-02-03,0.5556176422623763
2020-02-04,0.6440084927891889
2020-02-05,0.6378305493440237
2020-02-06,0.6280565404192858
2020-02-07,0.637597173819546
2020-02-10,0.6924028562275373
2020-02-11,0.6973386674672188
2020-02-12,0.6969159641681271
2020-02-13,0.6860522819920302
2020-02-14,0.702956309925858
2020-02-17,0.690745275658436
2020-02-18,0.7167301045215992
2020-02-19,0.731045167140283
2020-02-20,0.7334755938018539
2020-02-24,0.724195980106577
2020-02-25,0.7103389354807044
2020-02-26,0.7771455516761916
2020-02-27,0.7737859706283977
2020-02-28,0.7572307761973781
2020-03-02,0.7444352183794608
2020-03-03,0.7285777421363152
2020-03-04,0.7157112822455557
2020-03-05,0.7472550886293887
2020-03-06,0.7692743697386987
2020-03-09,0.771282518849857
2020-03-11,0.7794375753542089
2020-03-12,0.7725703634587123
2020-03-13,1.0207010713473361
2020-03-16,1.0569285871466285
2020-03-17,1.0352657032987398
2020-03-18,1.0179043122843985
2020-03-19,1.0351022947214366
2020-03-20,1.061988356667912
2020-03-23,1.0531724183352276
2020-03-24,1.1118925772680888
2020-03-25,1.0865712013336801
2020-03-26,1.0617927780194087
2020-03-27,1.0382701153701948
2020-03-30,1.0147034201944187
2020-03-31,1.0320643639168912
2020-04-01,1.0108683083445424
2020-04-03,0.9991085407811149
2020-04-07,0.9800329318004619
2020-04-08,1.0270869138634553
2020-04-09,1.0124802126430867
2020-04-13,1.002338614859346
2020-04-15,1.045943686491765
2020-04-16,1.0221095501979032
2020-04-17,1.0212805157410159
2020-04-20,1.0033695696595921
2020-04-21,1.0172511739164172
2020-04-22,0.9997245226222489
2020-04-23,0.9770870835978268
2020-04-24,0.9620295653898819
2020-04-27,1.0010326332305093
2020-04-28,0.9912440077792124
2020-04-29,0.9686894777288664
2020-04-30,0.9727340858184974
2020-05-04,1.044156593038583
2020-05-05,1.0593082817057502
2020-05-06,1.0350892971769174
2020-05-07,1.0123923049927983
2020-05-08,0.9893583224987759
2020-05-11,0.9671814846838
2020-05-12,0.9483310015286335
2020-05-13,0.9335970771795401
2020-05-14,0.9159684121766347
2020-05-15,0.9136163868715342
2020-05-18,0.8932420613705877
2020-05-19,0.8765488250904454
2020-05-20,0.8570318095503427
2020-05-21,0.838430005287673
2020-05-22,0.9316248781876452
2020-05-26,0.9133333747608665
2020-05-27,0.8995271580245091
2020-05-28,0.8829535312464304
2020-05-29,0.8722687228932943
2020-06-01,0.8533557900195136
2020-06-02,0.9066177259625079
2020-06-03,0.8866762186632186
2020-06-04,0.8799700123551919
2020-06-05,0.8644029361199187
2020-06-08,0.8452600196771974
2020-06-09,0.828192679183659
2020-06-10,0.827371201625518
2020-06-11,0.8928971825204143
2020-06-12,0.8756134182213888
2020-06-15,0.8561270189513921
2020-06-16,0.8602400909839265
2020-06-17,0.8586270957344055
2020-06-18,0.8449634427882123
2020-06-19,0.8271646275845916
2020-06-22,0.8096305159283843
2020-06-23,0.8050180090414734
2020-06-24,0.846864041461131
2020-06-25,0.8652444708117032
2020-06-26,0.8681115759376055
2020-06-29,0.8761406683520419
2020-06-30,0.8830524179840689
2020-07-01,0.8680441324919892
2020-07-02,0.8579938468736604
2020-07-03,0.8617549759239419
2020-07-06,0.842934714849326
2020-07-07,0.8602807116184404
2020-07-08,0.8428512898654478
2020-07-09,0.8270428508706308
2020-07-10,0.8691584502581952
2020-07-13,0.8513216710071135
2020-07-14,0.8623944713468842
2020-07-15,0.8626828944365196
2020-07-16,0.8442245469325498
2020-07-17,0.8256376818370867
2020-07-20,0.8901006360452527
2020-07-21,0.8750363956384837
2020-07-22,0.8725960125980503
2020-07-23,0.8686457252838025
2020-07-24,0.8526254933939587
2020-07-27,0.8559645062386493
2020-07-28,0.8372674336319436
2020-07-29,0.8512715347451492
2020-07-30,0.890349361928232
2020-07-31,0.8708447309906366
2020-08-03,0.853781578677603
2020-08-04,0.8644138597197354
2020-08-05,0.8485466179788903
2020-08-06,0.8695032661191445
2020-08-07,0.8653371101899195
2020-08-10,0.8507985367331812
2020-08-11,0.8344977691233726
2020-08-12,0.8222773269459523
2020-08-13,0.8141141011800224
2020-08-14,0.9044054794276373
2020-08-17,0.884642066466407
2020-08-18,0.9061090021376018
2020-08-19,0.8857969274987934
2020-08-20,0.8711885081107736
2020-08-21,0.8573314833811709
2020-08-24,0.8413804011805328
2020-08-25,0.8392815393640999
2020-08-26,0.8207715788027081
2020-08-27,0.8083903850637708
2020-08-28,0.7916129563913321
2020-08-31,0.7744341436596281
2020-09-01,0.7921810483142525
2020-09-02,0.7912399036144148
2020-09-03,0.7779827525695402
2020-09-04,0.7770707561358305
2020-09-07,0.7706072273028411
2020-09-08,0.7567317788654156
2020-09-09,0.7420372936992137
2020-09-10,0.7331109403248647
2020-09-11,0.7315196662091533
2020-09-14,0.7249669254472001
2020-09-15,0.7158819266506219
2020-09-16,0.7018148807633356
2020-09-17,0.7852388144831419
2020-09-18,0.8257080587406893
2020-09-21,0.8457172202467585
2020-09-22,0.8570420841456635
2020-09-23,0.8632979422533358
2020-09-24,0.9131428148121764
2020-09-25,0.8926429372724789
2020-09-28,0.8726937620220416
2020-09-29,0.862506623216539
2020-09-30,0.8892919685260815
2020-10-01,0.8799265570321034
2020-10-05,0.874830274614878
2020-10-06,0.8583061598764139
2020-10-07,0.8394991890905998
2020-10-08,0.8260886626526797
2020-10-09,0.8083126817482915
2020-10-12,0.8034638752720745
2020-10-13,0.7901746186398235
2020-10-14,0.780733807979065
2020-10-15,0.7687742085569161
2020-10-16,0.7521993689142082
2020-10-19,0.7383465594086049
2020-10-20,0.7325025647509696
2020-10-21,0.7180616048336196
2020-10-22,0.7045006696369575
2020-10-23,0.7139759706666938
2020-10-26,0.7939695800277984
2020-10-27,0.809525597237625
2020-10-28,0.7939181107612704
2020-10-29,0.7778660260100974
2020-10-30,0.7698168245425179
2020-11-02,0.7538140693434799
2020-11-03,0.7530183665116075
2020-11-04,0.8349529666536668
2020-11-05,0.8242879015736809
2020-11-06,0.821149142961762
2020-11-09,0.803454559982036
2020-11-10,0.7946902778118677
2020-11-11,0.8004972736365089
2020-11-12,0.7830475906385793
2020-11-13,0.8066278378660536
2020-11-14,0.8036299204901806
2020-11-17,0.8047842169706619
2020-11-18,0.8644543984656803
2020-11-19,0.9381279044427795
2020-11-20,1.0037912847657837
2020-11-23,0.9848071645018645
2020-11-24,0.9644717593252395
2020-11-25,0.9941717527324841
2020-11-26,0.971517646021753
2020-11-27,0.9661564598300199
2020-12-01,1.0087936762292233
2020-12-02,0.9857746370981237
2020-12-03,0.987932964379916
2020-12-04,0.9891762129740642
2020-12-07,1.0995541971493124
2020-12-08,1.0770380189567765
2020-12-09,1.0859598147844307
2020-12-10,1.0740150089511327
2020-12-11,1.051899491312512
2020-12-14,1.0417899200191483
2020-12-15,1.0188756502269547
2020-12-16,1.0282379144588858
2020-12-17,1.0258213917142514
2020-12-18,1.0118421469754142
2020-12-21,1.0298529462845387
2020-12-22,1.035951629489265
2020-12-23,1.0199168529086637
2020-12-24,1.008754527271199
2020-12-28,0.9859616538853216
2020-12-29,0.9644632685638705
2020-12-30,0.9669777733460343
2020-12-31,0.9471197591070957
2021-01-01,0.9314907569868878
2021-01-04,0.9164576372364686
2021-01-05,0.9032236429812762
2021-01-06,0.8834211088776618
2021-01-07,0.9496616651124702
2021-01-08,0.9283558898869114
2021-01-11,0.9095662761918385
2021-01-12,0.9016521351714011
2021-01-13,0.8814686296837188
2021-01-14,0.9336576985044976
2021-01-15,0.9126890509536606
2021-01-18,0.9824838866434693
2021-01-19,0.9832446108166901
2021-01-20,0.9749248941170261
2021-01-21,0.9634623699802614
2021-01-22,0.9818422868145621
2021-01-25,0.9685671251676445
2021-01-27,0.9472964657072463
2021-01-28,0.9263153818869928
2021-01-29,0.9088972520977223
2021-02-01,0.9338306319308586
2021-02-02,0.9192017058563448
2021-02-03,1.1005224398720792
2021-02-04,1.0816591049912812
2021-02-05,1.0730940901161679
2021-02-08,1.1801293474944818
2021-02-09,1.2736408272130053
2021-02-10,1.2439492198238276
2021-02-11,1.2383237700288294
2021-02-12,1.4231079579173567
2021-02-15,1.3896685857630993
2021-02-16,1.3699770416249908
2021-02-17,1.3397421541070975
2021-02-18,1.312581620902812
2021-02-19,1.3151603694184997
2021-02-22,1.3493395400089796
2021-02-23,1.327111915574767
2021-02-24,1.2962812228734937
2021-02-25,1.2658906377285095
2021-02-26,1.394454331067958
2021-03-01,1.3615569280048252
2021-03-02,1.3323241772710956
2021-03-03,1.3014112762681185
2021-03-04,1.2719580355286562
2021-03-05,1.2513442326612703
2021-03-08,1.229678260583494
2021-03-09,1.2090369750501337
2021-03-10,1.2480168154312408
2021-03-12,1.2192090416684391
2021-03-15,1.270471314616826
2021-03-16,1.2468486080999452
2021-03-17,1.2409641514278715
2021-03-18,1.2120160401966917
2021-03-19,1.2147870248189219
2021-03-22,1.2404139123668911
2021-03-23,1.212115136933937
2021-03-24,1.2418537518713124
2021-03-25,1.2127445626150202
2021-03-26,1.31959906850604
2021-03-30,1.2964492673359054
2021-03-31,1.433953070580717
2021-04-01,1.4136075129244874
2021-04-05,1.4023676964437923
2021-04-06,1.3708476556614164
2021-04-07,1.340972581530035
2021-04-08,1.3164098817917789
2021-04-09,1.2939219002243012
2021-04-12,1.2714523593974498
2021-04-13,1.3002785795598897
2021-04-15,1.2764164568987
2021-04-16,1.2513865924182732
2021-04-19,1.5847751235654186
2021-04-20,1.599529765078923
2021-04-22,1.5767015827705457
2021-04-23,1.691848147872318
2021-04-26,1.7016548916613563
2021-04-27,1.6968133327849149
2021-04-28,1.6722274062564932
2021-04-29,1.633651257825024
2021-04-30,1.7180663603427935
2021-05-03,1.7373641333014724
2021-05-04,1.7209659429764517
2021-05-05,1.7197097543689288
2021-05-06,1.6825680574902109
2021-05-07,1.6901808034448633
2021-05-10,1.81446003874239
2021-05-11,1.8831141461826786
2021-05-12,2.096343188180499
2021-05-14,2.0687959727479273
2021-05-17,2.0196025985563772
2021-05-18,1.9784315116824194
2021-05-19,1.9321516319542205
2021-05-20,1.9198867260939807
2021-05-21,1.8821504964198472
2021-05-24,1.8388611636881362
2021-05-25,1.8332292299534556
2021-05-26,1.795497445276266
2021-05-27,1.7548714980880957
2021-05-28,1.7128595155282451
2021-05-31,1.672048088952908
2021-06-01,1.6340058059180078
2021-06-02,1.66942571242158
2021-06-03,1.6449544578069464
2021-06-04,1.6066841188389327
2021-06-07,1.579956924504058
2021-06-08,1.5499327629052877
2021-06-09,1.513599792318798
2021-06-10,1.4783323661054333
2021-06-11,1.449746523947059
2021-06-14,1.4788804444127572
2021-06-15,1.4441643552746588
2021-06-16,1.4618567394077442
2021-06-17,1.4282633593357512
2021-06-18,1.4292558924126546
2021-06-21,1.4342376922033226
2021-06-22,1.4751981055061705
2021-06-23,1.4452721623080105
2021-06-24,1.4357029933149292
2021-06-25,1.4163491066305325
2021-06-28,1.5294718972129255
2021-06-29,1.49331404579341
2021-06-30,1.4711265509156644
2021-07-01,1.4361504374255825
2021-07-02,1.4702683963080723
2021-07-05,1.479732062572322
2021-07-06,1.4752927096428807
2021-07-07,1.5004568210387628
2021-07-08,1.5697140044378308
2021-07-09,1.5322706333298788
2021-07-12,1.6115631542979671
2021-07-13,1.5803451692400248
2021-07-14,1.5517750947973974
2021-07-15,1.5526162795307354
2021-07-16,1.5436202930853433
2021-07-19,1.5235567944112405
2021-07-20,1.5023103601314194
2021-07-22,1.4690850125850123
2021-07-23,1.4511855024738183
2021-07-26,1.439358013077936
2021-07-27,1.4096341324292179
2021-07-28,1.4020686848120967
2021-07-29,1.5472758949364689
2021-07-30,1.5536821997893702
2021-08-02,1.5328132692217726
2021-08-03,1.5849491231544695
2021-08-04,1.5615154743331687
2021-08-05,1.6019447979133161
2021-08-06,1.6639715139783606
2021-08-09,1.650659986784499
2021-08-10,1.612466492167464
2021-08-11,1.6112147644771033
2021-08-12,1.6547546677741973
2021-08-13,1.615165650232226
2021-08-16,1.5975400210792166
2021-08-17,1.9294949077613526
2021-08-18,1.8832590445772377
2021-08-20,1.8907066471259957
2021-08-23,2.200352047738769
2021-08-24,2.203799348093648
2021-08-25,2.1561279674996086
2021-08-26,2.2500894263423046
2021-08-27,2.1961550890532715
2021-08-30,2.2119696205588824
2021-08-31,2.230380814653587
2021-09-01,2.346155443139532
2021-09-02,2.2999280304384593
2021-09-03,2.2682699691250083
2021-09-06,2.217150043236117
2021-09-07,2.231397286254367
2021-09-08,2.1868337613191535
2021-09-09,2.160369628067173
2021-09-13,2.1085909060639176
2021-09-14,2.1079628353248316
2021-09-15,2.0662027038934685
2021-09-16,2.057603044133111
2021-09-17,2.015220038819927
2021-09-20,2.016980596555844
2021-09-21,2.241241944737574
2021-09-22,2.225373479073767
2021-09-23,2.202124875159986
2021-09-24,2.2975460246084345
2021-09-27,2.339168181867947
2021-09-28,2.288719545606048
2021-09-29,2.264206153884296
2021-09-30,2.278454083836183
2021-10-01,2.231858305543043
2021-10-04,2.2077547127147357
2021-10-05,2.239252332921081
2021-10-06,2.222108134175751
2021-10-07,2.1891764042787565
2021-10-08,2.138305347059935
2021-10-11,2.1312132661319962
2021-10-12,2.137410720428331
2021-10-13,2.103992937813189
2021-10-14,2.0530820288413736
2021-10-18,2.0035413504839275
2021-10-19,2.078001275159514
2021-10-20,2.0632808737705806
2021-10-21,2.1110358176979065
2021-10-22,2.1092858592734536
2021-10-25,2.232956695630699
2021-10-26,2.1883768553251777
2021-10-27,2.156975998526029
2021-10-28,2.1047807824221123
2021-10-29,2.054880556018967
2021-11-01,2.1552087699800135
2021-11-02,2.103058583730983
2021-11-03,2.1080871856439702
2021-11-04,2.0759576577996977
2021-11-08,2.0473261393387463
2021-11-09,2.055559520819132
2021-11-10,2.0101603695622847
2021-11-11,1.9623442909379918
2021-11-12,1.9254158432138713
2021-11-15,2.131590737234659
2021-11-16,2.0851466954873654
2021-11-17,2.0463412884400074
2021-11-18,2.003209957564889
2021-11-22,1.9916358427514302
2021-11-23,2.0106958461777813
2021-11-24,1.964716318446826
2021-11-25,1.9512991696784028
2021-11-26,1.9118831257262892
2021-11-29,1.90569471987549
2021-11-30,1.8634815048616982
2021-12-01,1.8749794141422675
2021-12-02,1.8769333340341052
2021-12-03,1.8427053894825705
2021-12-06,1.8665538392617111
2021-12-07,1.8215959947829845
2021-12-08,1.8090091550946923
2021-12-09,1.7934949193789205
2021-12-10,1.7585313848856547
2021-12-13,1.7186421902523372
2021-12-14,1.7368957286651563
2021-12-15,1.7013278930548823
2021-12-16,1.6624096250236868
2021-12-17,1.6701746535656654
2021-12-20,1.6764034803349523
2021-12-21,1.6555455347422003
2021-12-22,1.6160865230777959
2021-12-23,1.6486704360599824
2021-12-24,1.6114056709810296
2021-12-27,1.5767598949706334
2021-12-28,1.6017661703283235
2021-12-29,1.5728415921966394
2021-12-30,1.5353341316729805
2021-12-31,1.4997098594306681
2022-01-03,1.866431250403422
2022-01-04,1.8811853459765984
2022-01-05,1.8496678487754101
2022-01-06,1.9016788525151807
2022-01-07,1.9157638967137909
2022-01-10,2.0385541141083814
2022-01-11,1.9993377471684681
2022-01-12,1.9934168467981406
2022-01-13,1.9653762788619695
2022-01-14,2.1329677780743235
2022-01-17,2.0831066366464386
2022-01-18,2.060033737570899
2022-01-19,2.0161506879029245
2022-01-20,1.975292097105296
2022-01-21,1.927675539941447
2022-01-24,2.081647179308782
2022-01-25,2.034744322608952
2022-01-27,1.9950134530962977
2022-01-28,2.031740322708053
2022-01-31,1.9872114084293067
2022-02-01,1.9411137023120206
2022-02-02,1.9434265260729768
2022-02-03,1.9026166165221912
2022-02-04,1.8574411330439744
2022-02-07,1.8722375781551777
2022-02-08,1.846097621541275
2022-02-09,1.8669841310866038
2022-02-10,1.9744764545927216
2022-02-11,1.9422546492641688
2022-02-14,1.9287836589523222
2022-02-15,1.8913275904507982
2022-02-16,1.8634492266461986
2022-02-17,1.8199282262580798
2022-02-18,1.7859734462381323
2022-02-21,1.7496532325588372
2022-02-22,1.8654024944531755
2022-02-23,2.105541731253733
2022-02-24,2.058415559474481
2022-02-25,2.342951033482718
2022-02-28,2.346912695121445
2022-03-02,2.3750461740763074
2022-03-03,2.317967473761228
2022-03-04,2.262375134218969
2022-03-07,2.3079499492819324
2022-03-08,2.7631554126626274
2022-03-09,2.9233251330016197
2022-03-10,2.857358244088362
2022-03-11,2.8824863141714436
2022-03-14,2.8143747413731983
2022-03-15,2.751688611116455
2022-03-16,2.714808921024936
2022-03-17,2.6495685219223777
2022-03-21,2.6380022539083945
2022-03-22,2.6673827699892
2022-03-23,2.6102723112855792
2022-03-24,2.5566686546112662
2022-03-25,2.5161656195290507
2022-03-28,2.469173165395561
2022-03-29,2.4411433218246232
2022-03-30,2.3859957242053595
2022-03-31,2.5914985224445135
2022-04-01,2.9789064597466224
2022-04-04,2.9095603382380295
2022-04-05,2.8682912036652555
2022-04-06,2.7998641544779668
2022-04-07,2.845160985310155
2022-04-08,2.7766902484827156
2022-04-11,2.70938202079329
2022-04-12,2.6436006729794483
2022-04-13,2.7867955358498895
2022-04-18,2.7299449541340475
2022-04-19,2.7018244358510923
2022-04-20,2.6360107422811376
2022-04-21,2.6126923608411525
2022-04-22,2.5491346784949545
2022-04-25,2.642783515612728
2022-04-26,2.5817249847541945
2022-04-27,2.545172813651181
2022-04-28,2.5031022521712063
2022-04-29,2.486839943121948
2022-05-02,2.4794868038954827
2022-05-04,2.448353957258544
2022-05-05,2.4487128526804316
2022-05-06,2.430647188865027
2022-05-09,2.54629466982724
2022-05-10,2.5626518604972444
2022-05-11,2.5681984506202564
2022-05-12,2.5060110623625906
2022-05-13,2.4456660000426096
2022-05-16,2.4456694602215854
2022-05-17,2.3864002972197893
2022-05-18,2.3494963449239408
2022-05-19,2.3618730101968244
2022-05-20,2.3078579498922953
2022-05-23,2.272352253560514
2022-05-24,3.004314484091814
2022-05-25,2.9491291750230233
2022-05-26,2.8779472961569685
2022-05-27,2.8433827612870224
2022-05-30,2.7838370027164028
2022-05-31,2.7350705589115107
2022-06-01,2.6723946991560448
2022-06-02,2.721018846897846
2022-06-03,2.6830274787397386
2022-06-06,2.6200330803372474
2022-06-07,2.557613802174473
2022-06-08,2.4964726241617603
2022-06-09,2.4669327945995554
2022-06-10,2.484552391418387
2022-06-13,2.4458275570217958
2022-06-14,2.4192907666179377
2022-06-15,2.414886991056351
2022-06-16,2.3801210980731478
2022-06-17,2.3230610590473613
2022-06-20,2.2781436240827135
2022-06-21,2.2411506048189422
2022-06-22,2.2333962628387303
2022-06-23,2.1927014694376
2022-06-24,2.139573573513765
2022-06-27,2.087794632759903
2022-06-28,2.0395001154592136
2022-06-29,2.049245866410043
2022-06-30,1.9998398456585418
2022-07-01,1.9515499914050463
2022-07-04,1.904493725503314
2022-07-05,1.889440904814654
2022-07-06,1.8488346914469904
2022-07-07,1.8137707456293257
2022-07-08,1.7851962714986576
2022-07-11,1.7438057762108439
2022-07-12,1.8113557969278078
2022-07-13,1.7883841328595416
2022-07-14,1.7460669289666984
2022-07-15,1.7049856488869881
2022-07-18,1.7593569050219848
2022-07-19,1.775094621061799
2022-07-20,1.752609280686484
2022-07-21,1.7140776694683884
2022-07-22,1.6882861003451706
2022-07-25,1.6655730171558487
2022-07-26,1.6378617078845903
2022-07-27,1.5991957491569666
2022-07-28,1.5683622025996933
2022-07-29,1.685421069409533
2022-08-01,1.6709041612023687
2022-08-02,1.6653585886750886
2022-08-03,1.6259165306569645
2022-08-04,1.603340090895735
2022-08-05,1.58619772152411
2022-08-08,1.6273323988100554
2022-08-10,1.6935541182143137
2022-08-11,1.7495222098552334
2022-08-12,1.7115305034169785
2022-08-16,1.76837788730233
2022-08-17,1.7864421226158593
2022-08-18,1.8555309325381661
2022-08-19,1.8117692985468759
2022-08-22,1.769065034853125
2022-08-23,1.8130877202570184
2022-08-24,1.769618995207337
2022-08-25,1.7473188209533557
2022-08-26,1.7262979957409985
2022-08-29,1.6926328868448965
2022-08-30,1.6520818794444445
2022-09-01,1.6301489932230155
2022-09-02,1.6724812858269291
2022-09-05,1.6433833745229323
2022-09-06,1.6734669722901936
2022-09-07,1.6539615861582961
2022-09-08,1.642953857740314
2022-09-09,1.630369830113905
2022-09-12,1.6231278863447407
2022-09-13,1.5910339285546033
2022-09-14,1.580145500821512
2022-09-15,1.542404759183974
2022-09-16,1.584358680539735
2022-09-19,1.5889846246006658
2022-09-20,1.6337130896438132
2022-09-21,1.5957132428698133
2022-09-22,1.5790121578693992
2022-09-23,1.5560274820922178
2022-09-26,1.8065580484154016
2022-09-27,1.7895389229978937
2022-09-28,1.8062090752421396
2022-09-29,1.771938203696726
2022-09-30,1.7428517249352875
2022-10-03,1.7800769001169028
2022-10-04,1.7655411332541118
2022-10-06,1.7274144536747755
2022-10-07,1.7571545609127208
2022-10-10,1.7152220554978852
2022-10-11,1.682713609179177
2022-10-12,1.6425539910857077
2022-10-13,1.6132037286928103
2022-10-14,1.5830991542395494
2022-10-17,1.5627845805499012
2022-10-18,1.5666188247183601
2022-10-19,1.5299725111355058
2022-10-20,1.4941573164098032
2022-10-21,1.461123453057191
2022-10-24,1.4279415388719214
2022-10-25,1.3983275468550276
2022-10-27,1.3735399871979312
2022-10-28,1.3472025139749055
2022-10-31,1.3224847997523819
2022-11-01,1.2921704715788833
2022-11-02,1.3706653128339956
2022-11-03,1.3846747290597607
2022-11-04,1.5382334561405304
2022-11-07,1.5852777473408228
2022-11-09,1.5477030301915011
2022-11-10,1.7892849276931893
2022-11-11,1.755545993811405
2022-11-14,1.724893381167523
2022-11-15,2.025987229180305
2022-11-16,1.9796649920864786
2022-11-17,1.9341743711827695
2022-11-18,1.9009046952896884
2022-11-21,1.8552659188088514
2022-11-22,1.8186490456879112
2022-11-23,1.78492135813812
2022-11-24,1.7444363636027713
2022-11-25,1.721507506259957
2022-11-28,1.680326764043882
2022-11-29,1.6571898214826328
2022-11-30,1.617523213540269
2022-12-01,1.645855468002041
2022-12-02,1.6069287633105505
2022-12-05,1.6133115487843817
2022-12-06,1.5990982729101697
2022-12-07,1.560875409432508
2022-12-08,1.5246400962808313
2022-12-09,1.510276447104565
2022-12-12,1.4852723262854164
2022-12-13,1.481329647875502
2022-12-14,1.4496746556272662
2022-12-15,1.4315349761391778
2022-12-16,1.3976060993496435
2022-12-19,1.386455571123179
2022-12-20,1.3539034872488656
2022-12-21,1.321951627488043
2022-12-22,1.3304137557568518
2022-12-23,1.3268807226231325
2022-12-26,1.3236690370248032
2022-12-27,1.3008932577882426
2022-12-28,1.290767917375235
2022-12-29,1.260819336290794
2022-12-30,1.2401470307870412
2023-01-02,1.2110823922456235
2023-01-03,1.3370810538625058
2023-01-04,1.3231770617450072
2023-01-05,1.3595178100522423
2023-01-06,1.3286998931719558
2023-01-09,1.2975522460031375
2023-01-10,1.2676670700224877
2023-01-11,1.241502156183682
2023-01-12,1.405165428527835
2023-01-13,1.3777878814742837
2023-01-16,1.3849664054761563
2023-01-17,1.365006628635064
2023-01-18,1.3857987934183136
2023-01-19,1.36287596181586
2023-01-20,1.4014122862237668
2023-01-23,1.4126977619434027
2023-01-24,1.441619932576696
2023-01-25,1.4187344557256945
2023-01-27,1.3897092980218626
2023-01-30,1.4338951204030488
2023-01-31,1.4003312943123722
2023-02-01,1.4255103905340936
2023-02-02,1.4821202532459534
2023-02-03,1.4775599022249328
2023-02-06,1.4933334860431244
2023-02-07,1.4589828297953378
2023-02-08,1.452260967605197
2023-02-09,1.4648505409717285
2023-02-10,1.5045512347238363
2023-02-13,1.4723498448159296
2023-02-14,1.464107951228414
2023-02-15,1.4553569434307896
2023-02-16,1.444339700919421
2023-02-17,1.4432748531331794
2023-02-20,1.4464052599792059
2023-02-21,1.4308840984719589
2023-02-22,1.430784196783739
2023-02-23,1.4316090047005496
2023-02-24,1.4083971607067969
2023-02-27,1.5223764045789454
2023-02-28,1.5893817744090633
2023-03-01,1.5680996033136947
2023-03-02,1.5864942596792664
2023-03-03,1.5495513757394155
2023-03-06,1.5207356608983156
2023-03-08,1.4919452132828566
2023-03-09,1.5504432437963658
2023-03-10,1.5408667749762472
2023-03-13,1.5114990706129274
2023-03-14,1.4779798158955906
2023-03-15,1.4466929058507128
2023-03-16,1.4392990547334512
2023-03-17,1.457597809390252
2023-03-20,1.440497600429347
2023-03-21,1.4080009241630833
2023-03-22,1.3780719455994064
2023-03-23,1.3621317512489026
2023-03-24,1.3634087489598508
2023-03-27,1.3313506106836965
2023-03-28,1.3005966654636785
2023-03-29,1.2752156944737114
2023-03-31,1.2493403739019149
2023-04-03,1.2292121989294698
2023-04-05,1.2022761444690988
2023-04-06,1.1796735279420683
2023-04-10,1.1703754531878434
2023-04-11,1.161517862966802
2023-04-12,1.1534649534718049
2023-04-13,1.1266522822894245
2023-04-17,1.1293883537886977
2023-04-18,1.1818992575765725
2023-04-19,1.1558477778496827
2023-04-20,1.1291915637826078
2023-04-21,1.1130411380986303
2023-04-24,1.0874387547513387
2023-04-25,1.0843351225438291
2023-04-26,1.0593317030321905
2023-04-27,1.0589563784260392
2023-04-28,1.0460614644721515
2023-05-02,1.0453667579358348
2023-05-03,1.0226936533106832
2023-05-04,1.0025948782688532
2023-05-05,0.9854862692992152
2023-05-08,0.9688247182330343
2023-05-09,1.0234223105608846
2023-05-10,1.0305657740117653
2023-05-11,1.0173929624449485
2023-05-12,1.206587849580207
2023-05-15,1.27441906871254
2023-05-16,1.2503518182362405
2023-05-17,1.230711930959983
2023-05-18,1.2023858557719802
2023-05-19,1.1785455305443457
2023-05-22,1.157918554991615
2023-05-23,1.1311785960560827
2023-05-24,1.105037586161307
2023-05-25,1.083951725015613
2023-05-26,1.0611772544134963
2023-05-29,1.0515906561865482
2023-05-30,1.0307433939965318
2023-05-31,1.0098507214528603
2023-06-01,0.9947969803676208
2023-06-02,0.97214998757806
2023-06-05,1.0104651363300337
2023-06-06,1.0449274231954724
2023-06-07,1.030245234971278
2023-06-08,1.0159973542256466
2023-06-09,1.0054207568743572
2023-06-12,1.024525739293227
2023-06-13,1.0015186220490766
2023-06-14,0.9831366371203608
2023-06-15,1.0220218659347198
2023-06-16,1.0032165812771867
2023-06-19,0.9858749620865964
2023-06-20,0.9635112860276935
2023-06-21,0.9490021461749882
2023-06-22,0.992266761335835
2023-06-23,0.9935736919690462
2023-06-26,1.0148984804032655
2023-06-27,1.0293506967106487
2023-06-28,1.0061696574410386
2023-06-30,0.9839747317182977
2023-07-03,0.9631774985245827
2023-07-04,0.9414943126778665
2023-07-05,0.933330011811659
2023-07-06,0.9750259237735531
2023-07-07,1.0061669147861614
2023-07-10,0.9835294969970698
2023-07-11,1.087337604599622
2023-07-12,1.0711561872616686
2023-07-13,1.0517962690877223
2023-07-14,1.1503343761260563
2023-07-17,1.131928811784528
2023-07-18,1.1120251880323146
2023-07-19,1.0913465274345902
2023-07-20,1.108106724999587
2023-07-21,1.084840031639264
2023-07-24,1.1013926051779404
2023-07-25,1.086350718412533
2023-07-26,1.0647005299804146
2023-07-27,1.054699723381116
2023-07-28,1.0426320290367934
2023-07-31,1.0317622076896267
2023-08-01,1.0093496132472242
2023-08-02,0.9887021106464959
2023-08-03,1.0414377446230583
2023-08-04,1.0219431190716115
2023-08-07,0.9989262292838734
2023-08-08,1.0739601522570674
2023-08-09,1.1185006546216545
2023-08-10,1.1376842799432072
2023-08-11,1.1120731682772296
2023-08-14,1.1594606595425625
2023-08-16,1.1325062404095674
2023-08-17,1.118587478854887
2023-08-18,1.0978909079701384
2023-08-21,1.1376376309766059
2023-08-22,1.1499505859357253
2023-08-23,1.1265507974061064
2023-08-24,1.136962723689887
2023-08-25,1.1155777158750169
2023-08-28,1.0914851025011647
2023-08-29,1.120776906370049
2023-08-30,1.1001561505909705
2023-08-31,1.185837626292431
2023-09-01,1.1581805466077053
2023-09-04,1.1427018297289073
2023-09-05,1.1501690148190296
2023-09-06,1.1235881624009418
2023-09-07,1.0977113429630503
2023-09-08,1.108010796141765
2023-09-11,1.099493887405179
2023-09-12,1.0802921293330217
2023-09-13,1.0580527816564105
2023-09-14,1.048364365225211
2023-09-15,1.0675726701922117
2023-09-18,1.0473492652630019
2023-09-20,1.0740140989332656
2023-09-21,1.056475176045401
2023-09-22,1.0464614792766285
2023-09-25,1.0389266437755185
2023-09-26,1.2022272222929844
2023-09-27,1.191402291142369
2023-09-28,1.2129476809313828
2023-09-29,1.193679364877269
2023-10-03,1.493236615876923
2023-10-04,1.5370701317007107
2023-10-05,1.516568365232923
2023-10-06,1.4871845217399349
2023-10-09,1.452067896163757
2023-10-10,1.4456564664512477
2023-10-11,1.437429421500562
2023-10-12,1.4249385977049098
2023-10-13,1.401972105378084
2023-10-16,1.3689550182884371
2023-10-17,1.3621028160108637
2023-10-18,1.3303361428101554
2023-10-19,1.3028514156455049
2023-10-20,1.2727960104606395
2023-10-23,1.2551410700853118
2023-10-25,1.2346299753171865
2023-10-26,1.2065467558232914
2023-10-27,1.180056094217489
2023-10-30,1.152851974662707
2023-10-31,1.1411516945267839
2023-11-01,1.1394700325317124
2023-11-02,1.2763880288142198
2023-11-03,1.2812417135760352
2023-11-06,1.2707160782907307
2023-11-07,1.2436598210956027
2023-11-08,1.2175398037433676
2023-11-09,1.2296809362083319
2023-11-10,1.24247979195753
2023-11-13,1.2393587510042672
2023-11-15,1.217294372859078
2023-11-16,1.2288078927519763
2023-11-17,1.2159302796891025
2023-11-20,1.271702008968667
2023-11-21,1.2515227797218607
2023-11-22,1.2269522014979843
2023-11-23,1.2403422130860602
2023-11-24,1.2118071571757203
2023-11-28,1.2735778464752612
2023-11-29,1.2640383896920908
2023-11-30,1.2377344015059761
2023-12-01,1.2154605403258485
2023-12-04,1.2406535131573915
2023-12-05,1.2158457603519806
2023-12-06,1.1885462272923193
2023-12-07,1.1630809847323935
2023-12-08,1.1361820088583623
2023-12-11,1.1791446785812305
2023-12-12,1.1537887775207094
2023-12-13,1.1563101150120936
2023-12-14,1.129494372022356
2023-12-15,1.1805972351364842
2023-12-18,1.1677873827928527
2023-12-19,1.2285628557057202
2023-12-20,1.2118823016741198
2023-12-21,1.2221785814825061
2023-12-22,1.2049995367404502
2023-12-26,1.1970655362408595
2023-12-27,1.1790919755679448
2023-12-28,1.4938533350339955
2023-12-29,1.4819253792654088
2024-01-01,1.472933247615209
2024-01-02,1.4669084615664534
2024-01-03,1.4881932143102403
2024-01-04,1.501736667280481
2024-01-05,1.4691390349618527
2024-01-08,1.4354692957788615
2024-01-09,1.409449111014238
2024-01-10,1.4444273374679706
2024-01-11,1.415547724243147
2024-01-12,1.4218575564930291
2024-01-15,1.4007601908036564
2024-01-16,1.4023506709740075
2024-01-17,1.3891235398728181
2024-01-18,1.3648293589314675
2024-01-19,1.340777401530711
2024-01-23,1.427431590239298
2024-01-24,1.3941067427326483
2024-01-25,1.3758084273174498
2024-01-29,1.4030033097669752
2024-01-30,1.3883860566752708
2024-01-31,1.3622624261781044
2024-02-01,1.3581745474041922
2024-02-02,1.339523685883343
2024-02-05,1.318912206782608
2024-02-06,1.512906560183015
2024-02-07,1.5269630623595938
2024-02-08,1.5555642631663376
2024-02-09,1.6483005840710747
2024-02-12,1.6092648187122092
2024-02-13,1.6096219665919773
2024-02-14,4.255946282931339
2024-02-15,4.233840762051671
2024-02-16,4.140124174571483
2024-02-19,4.03989676655969
2024-02-20,3.9424007494156204
2024-02-21,3.848880245657219
2024-02-22,3.8009040736979816
2024-02-23,3.708640127324318
2024-02-26,3.618277638078117
2024-02-27,3.5317239956952435
2024-02-28,3.446304101145114
2024-02-29,3.391807447457635
2024-03-01,3.309262733088757
2024-03-04,3.413276383365936
2024-03-05,3.3484867412513246
2024-03-06,3.26854684325906
2024-03-07,3.2038568979729387
2024-03-11,3.1972202917998676
2024-03-12,3.1845898621291515
2024-03-13,3.1072425405356476
2024-03-14,3.110660657902273
2024-03-15,3.2734284890831455
2024-03-18,3.2400904241095727
2024-03-19,3.6199321736855072
2024-03-20,3.54711815925037
2024-03-21,3.477521779187119
2024-03-22,3.4063808793765245
2024-03-26,3.3238380178878946
2024-03-27,3.274340247333098
2024-03-28,3.196451659183107
2024-04-01,3.1625014914341323
2024-04-02,3.274199387629596
2024-04-03,3.199142021510923
2024-04-04,3.160673975070933
2024-04-05,3.085583262203141
2024-04-08,3.036739007702751
2024-04-09,2.9627659313178936
2024-04-10,2.9269456503723204
2024-04-12,3.0163140203399417
2024-04-15,2.944146220885286
2024-04-16,3.156652532379051
2024-04-18,3.0797647689962777
2024-04-19,3.0119499923544537
2024-04-22,2.9567842070046786
2024-04-23,2.8959344846882535
2024-04-24,2.833263700306009
2024-04-25,2.788479149724325
2024-04-26,2.723018262330686
2024-04-29,2.709940254653209
2024-04-30,2.660650591381062
2024-05-02,2.6039715619757793
2024-05-03,2.6233405966916883
2024-05-06,2.604275445650808
2024-05-07,2.6290567642679505
2024-05-08,2.5808258718942114
2024-05-09,2.5394838528510135
2024-05-10,2.480812269819351
2024-05-13,2.4340874266037256
2024-05-14,2.376403638065743
2024-05-15,2.365706927594832
2024-05-16,2.3205838875656877
2024-05-17,2.265743669161713
2024-05-21,2.2192973290982994
2024-05-22,2.2360316641673865
2024-05-23,2.1973850121352085
2024-05-24,2.3169851645028126
2024-05-27,2.261350294058808
2024-05-28,2.2091518493052025
2024-05-29,2.177896637647126
2024-05-30,2.554678666102182
2024-05-31,2.9572688929571616
2024-06-03,3.038618349450848
2024-06-04,3.174919154780689
2024-06-05,3.1819595660313342
2024-06-06,3.1187226090058533
2024-06-07,3.414155508346418
2024-06-10,3.573421960065241
2024-06-11,3.5222862837392777
2024-06-12,3.4597625596003665
2024-06-13,3.378027141457956
2024-06-14,3.3084495011427326
2024-06-18,3.2277250964473225
2024-06-19,3.153442661737662
2024-06-20,3.1422965048190115
2024-06-21,3.077860778788998
2024-06-24,3.0067282201936867
2024-06-25,2.9702207122544464
2024-06-26,2.9413385747878555
2024-06-27,2.8711786347729946
2024-06-28,2.80964042827754
2024-07-01,2.7820256143438753
2024-07-02,2.7223551300859197
2024-07-03,2.6608549568694237
2024-07-04,2.6557001402353677
2024-07-05,2.591180822071705
2024-07-08,2.6313736039972566
2024-07-09,2.601355555535077
2024-07-10,2.614169365583023
2024-07-11,2.552192229951575
2024-07-12,2.4904589369094206
2024-07-15,2.4363534753916305
2024-07-16,2.522970760838819
2024-07-18,2.525164965136889
2024-07-19,2.4660918455575014
2024-07-22,2.4412835434557705
2024-07-23,2.3825430793961777
2024-07-24,2.5069500407349135
2024-07-25,2.451462990886391
2024-07-26,2.418764108664142
2024-07-29,2.3600187401846973
2024-07-30,2.305286019835369
2024-07-31,2.32730793685592
2024-08-01,2.2808829153030077
2024-08-02,2.3321843772715156
2024-08-05,2.2972882484138766
2024-08-06,2.2415616013079163
2024-08-07,2.2106585910874044
2024-08-08,2.1576037517930247
2024-08-09,2.120903588787733
2024-08-12,2.096197830940002
2024-08-13,2.0662496084539828
2024-08-14,2.0327815892018384
2024-08-16,2.0685481381948905
2024-08-19,2.0189196539115826
2024-08-20,2.004364763005483
2024-08-21,2.0985577494217984
2024-08-22,2.331437905440194
2024-08-23,2.3251324643276483
2024-08-26,2.2689961405176597
2024-08-27,2.477653707510198
2024-08-28,2.4285807345465202
2024-08-29,2.388305805558361
2024-08-30,2.3319109203130037
2024-09-02,2.2771159733136273
2024-09-03,2.4212916287214794
2024-09-04,2.36506307693603
2024-09-05,2.3492621348489537
2024-09-06,2.2928267440872188
2024-09-09,2.2376502384789267
2024-09-10,2.184924640114999
2024-09-11,2.132879215204158
2024-09-12,2.112814540340535
2024-09-13,2.1973707986713014
2024-09-16,2.2099394124544878
2024-09-17,2.209904335879695
2024-09-18,2.1641852659820784
2024-09-19,2.1950807252653752
2024-09-20,2.1487849408986044
2024-09-23,2.0967890652999333
2024-09-24,2.1411518448446247
2024-09-25,2.0900551437390846
2024-09-26,2.05039983796948
2024-09-27,2.0009082388763884
2024-09-30,2.0079336213900096
2024-10-01,1.960186290326108
2024-10-03,2.0091715931115024
2024-10-04,2.104456214122129
2024-10-07,2.055609528439895
2024-10-08,2.0408149647774168
2024-10-09,2.0615657871493815
2024-10-10,2.0526003063426805
2024-10-11,2.0029716261033563
2024-10-14,2.0831361147708027
2024-10-15,2.0506889633192724
2024-10-16,2.0208391923717253
2024-10-17,2.015001204409848
2024-10-18,2.088235824966434
2024-10-21,2.069145651599723
2024-10-22,2.126839187218291
2024-10-23,2.075711831808705
2024-10-24,2.0332945031161245
2024-10-25,2.4632738492570896
2024-10-28,2.4035911930397265
2024-10-29,2.34519634522237
2024-10-30,2.2908486632054106
2024-10-31,2.2357016672316257
2024-11-01,2.1818209206625823
2024-11-04,2.1289624413896053
2024-11-05,2.0972259956562556
2024-11-06,2.0487834543901116
2024-11-07,2.019454166806707
2024-11-08,3.3022815116881623
2024-11-11,3.3329208584679124
2024-11-12,3.3519123076838695
2024-11-13,3.270017993432464
2024-11-14,3.201258655636734
2024-11-18,3.137104597449411
2024-11-19,3.1141960101408666
2024-11-21,3.0458083119907053
2024-11-22,2.9835353962751743
2024-11-25,2.9298492272864896
2024-11-26,2.867144296306735
2024-11-27,2.801968582029867
2024-11-28,2.7480925346564926
2024-11-29,2.702175800049817
2024-12-02,2.637321077284132
2024-12-03,2.5737952946298637
2024-12-04,2.522380149546901
2024-12-05,2.4627767912405414
2024-12-06,2.4079475996390296
2024-12-09,2.368571220149165
2024-12-10,2.330738228691652
2024-12-11,2.2831236747350867
2024-12-12,2.2278787319111193
2024-12-13,2.178077181486645
2024-12-16,2.12568693949179
2024-12-17,2.0849898261972495
2024-12-18,2.056453800742914
2024-12-19,2.008454111445027
2024-12-20,1.9609310401775275
2024-12-23,1.9236414653426195
2024-12-24,1.9183897666522323
2024-12-26,1.873545311840439
2024-12-27,1.829904140018611
2024-12-30,1.8103327609947863
2024-12-31,1.8201029184771662
