Date,0
2015-01-01,-7.06301263994974
2015-01-02,-6.987348000939555
2015-01-05,-5.824622915192855
2015-01-06,-6.484914742476441
2015-01-07,-6.006633445639075
2015-01-08,-6.402755696806963
2015-01-09,-6.6229722071014905
2015-01-12,-5.9450632170525886
2015-01-13,-6.456354023890629
2015-01-14,-5.335662995450619
2015-01-15,-4.714478899685602
2015-01-16,-4.050636077510468
2015-01-19,-4.339988648196634
2015-01-20,-4.117435398301517
2015-01-21,-4.127104390445602
2015-01-22,-3.7337028441436786
2015-01-23,-4.061542484095185
2015-01-27,-3.8753574848210555
2015-01-28,-3.860023040426526
2015-01-29,-4.424252263357687
2015-01-30,-3.807907572485952
2015-02-02,-5.539080841100528
2015-02-03,-6.007911683563073
2015-02-04,-6.779544487254434
2015-02-05,-6.503225010321156
2015-02-06,-7.090381553523795
2015-02-09,-8.434913740353604
2015-02-10,-8.300396331346448
2015-02-11,-7.929910380324877
2015-02-12,-8.577986349895443
2015-02-13,-8.658891943239908
2015-02-16,-7.836595885967615
2015-02-18,-8.159799553700008
2015-02-19,-8.650061084501509
2015-02-20,-8.757439769159081
2015-02-23,-8.89677546839706
2015-02-24,-9.213890591804407
2015-02-25,-9.799788037483118
2015-02-26,-9.321923826464044
2015-02-27,-10.158073520097155
2015-03-02,-10.34006420458389
2015-03-03,-10.785139273873185
2015-03-04,-9.871457190654269
2015-03-05,-9.08677463520155
2015-03-09,-7.92658336103808
2015-03-10,-7.63827576999261
2015-03-11,-6.34086318372524
2015-03-12,-6.809039656714429
2015-03-13,-6.5615101614242874
2015-03-16,-5.4708622860531015
2015-03-17,-6.70796964052143
2015-03-18,-6.515473811369475
2015-03-19,-5.976028078055023
2015-03-20,-6.483744657315928
2015-03-23,-7.164605950607928
2015-03-24,-6.776064602883395
2015-03-25,-7.0732143864551915
2015-03-26,-6.852357135715984
2015-03-27,-7.88668378757848
2015-03-30,-6.729626562937927
2015-03-31,-6.64536657863437
2015-04-01,-6.878613773826089
2015-04-06,-7.842545658976217
2015-04-07,-7.252866885420726
2015-04-08,-7.2940582923761355
2015-04-09,-7.025681511460647
2015-04-10,-6.811129084342959
2015-04-13,-6.223991567925459
2015-04-15,-6.547830648570926
2015-04-16,-6.99816393870282
2015-04-17,-6.995213148294081
2015-04-20,-6.765530720783335
2015-04-21,-5.597543853561387
2015-04-22,-5.455481553504999
2015-04-23,-4.253019149054278
2015-04-24,-3.292870428904724
2015-04-27,-3.157543560324058
2015-04-28,-3.2846749430003577
2015-04-29,-3.2073474621551448
2015-04-30,-3.4393586822046665
2015-05-04,-4.379121272306971
2015-05-05,-4.467979242173133
2015-05-06,-4.9944058015959385
2015-05-07,-4.236423629562363
2015-05-08,-5.334633662491104
2015-05-11,-5.397246217731212
2015-05-12,-5.964244521559252
2015-05-13,-4.6121770072580865
2015-05-14,-5.0156357837836865
2015-05-15,-5.077835459105966
2015-05-18,-5.550871913375882
2015-05-19,-5.4436885338019785
2015-05-20,-5.720461680679577
2015-05-21,-7.115635936203031
2015-05-22,-6.684211782781929
2015-05-25,-6.804003326910319
2015-05-26,-6.697876113693223
2015-05-27,-6.863479998814796
2015-05-28,-6.6674231096863394
2015-05-29,-5.8625646236906235
2015-06-01,-5.57613608024074
2015-06-02,-4.983118813160868
2015-06-03,-5.081056439737118
2015-06-04,-5.5194284859220595
2015-06-05,-5.04050796809652
2015-06-08,-5.230277226575865
2015-06-09,-5.482865896463572
2015-06-10,-5.438943826550037
2015-06-11,-5.710879833629306
2015-06-12,-5.237014602168166
2015-06-15,-4.720266561699368
2015-06-16,-5.061330642029432
2015-06-17,-5.10965337808047
2015-06-18,-5.535199403977426
2015-06-19,-5.627446291197174
2015-06-22,-5.310966547246014
2015-06-23,-5.2302599266106675
2015-06-24,-4.8503351057557325
2015-06-25,-5.152727891460099
2015-06-26,-5.215153162214278
2015-06-29,-4.4411915961299435
2015-06-30,-3.632555667179549
2015-07-01,-3.7256444256552577
2015-07-02,-3.4575030945821084
2015-07-03,-3.5804365283024566
2015-07-06,-3.385852968196094
2015-07-07,-3.011796781512267
2015-07-08,-2.884256113007652
2015-07-09,-3.5615564165479867
2015-07-10,-3.6691474955799386
2015-07-13,-3.880762731171764
2015-07-14,-3.651285175633646
2015-07-15,-3.92048465394814
2015-07-16,-4.152905230050802
2015-07-17,-4.0341624769492945
2015-07-20,-4.569190030175466
2015-07-21,-4.906482670496079
2015-07-22,-4.408433105805791
2015-07-23,-4.819261011637774
2015-07-24,-5.32349856860036
2015-07-27,-5.251809576502705
2015-07-28,-5.611784040591939
2015-07-29,-5.754475093643187
2015-07-30,-5.511125782669442
2015-07-31,-5.7165387635271365
2015-08-03,-5.752789030908648
2015-08-04,-5.944348000773928
2015-08-05,-5.2761004719923505
2015-08-06,-5.473842081584063
2015-08-07,-5.58953029856589
2015-08-10,-5.258551920092188
2015-08-11,-5.281329076377354
2015-08-12,-3.447721539149903
2015-08-13,-3.4265787802964347
2015-08-14,-3.6657273823829115
2015-08-17,-2.425374903971065
2015-08-18,-1.6163253862647302
2015-08-19,-1.1797519933641638
2015-08-20,-1.5141801203115541
2015-08-21,-2.0687439635964147
2015-08-24,-2.691658451051957
2015-08-25,-2.5595966030266517
2015-08-26,-2.3864417202612707
2015-08-27,-1.6525335467735367
2015-08-28,-1.691939638640676
2015-08-31,-1.5899083220640158
2015-09-01,-1.3286841555182711
2015-09-02,-0.7302004338627306
2015-09-03,-0.6231509598477594
2015-09-04,-0.6721988145053857
2015-09-07,-0.5859309084078514
2015-09-08,0.09826853520658574
2015-09-09,-0.46849143933168946
2015-09-10,0.06613655241285699
2015-09-11,-0.3750624664478224
2015-09-14,-0.3108346675983036
2015-09-15,-0.7295152837187509
2015-09-16,-0.8198360300355354
2015-09-18,-0.6857623010372329
2015-09-21,-1.3132646522939027
2015-09-22,-0.6529589232179198
2015-09-23,-0.5292496816155321
2015-09-24,-0.6029056271476669
2015-09-28,-0.8412875378845257
2015-09-29,-0.8779787015111928
2015-09-30,-0.6524147634957025
2015-10-01,-0.701164519736345
2015-10-05,-0.4766287773651676
2015-10-06,-0.5228248836425102
2015-10-07,-1.4262969008842852
2015-10-08,-1.2356289765011574
2015-10-09,-0.8461969472716149
2015-10-12,-1.9459009702398973
2015-10-13,-1.8009889165950668
2015-10-14,-2.1182672146295296
2015-10-15,-1.4267288634844562
2015-10-16,-1.5807101744024123
2015-10-19,-1.6889692162936392
2015-10-20,-1.7187737771808713
2015-10-21,-1.707075999708998
2015-10-23,-1.4858691162060076
2015-10-26,-1.286440018692197
2015-10-27,-1.3285026189330296
2015-10-28,-1.2632425915318493
2015-10-29,-0.9425670195062352
2015-10-30,-1.2001701684780741
2015-11-02,-1.053277494700108
2015-11-03,-1.6107281586300637
2015-11-04,-1.5177591750838673
2015-11-05,-2.069194114807555
2015-11-06,-2.4134546001489348
2015-11-09,-2.0477975229194563
2015-11-10,-2.1956545273802597
2015-11-13,-1.4317008408615273
2015-11-16,-1.2266072791564113
2015-11-17,-1.3502117532051834
2015-11-18,-1.0007856068115473
2015-11-19,-1.213120754048429
2015-11-20,-0.8451018993526809
2015-11-23,-0.5746002565163835
2015-11-24,-0.43240760594301975
2015-11-26,-0.5164159880028905
2015-11-27,-0.8566967798516139
2015-11-30,-0.8841445682382236
2015-12-01,-0.8304749263264135
2015-12-02,-0.5741809656941683
2015-12-03,-0.558725117473017
2015-12-04,-0.516863779400552
2015-12-07,-0.3201662461302597
2015-12-08,-0.21966907021732496
2015-12-09,-0.28305144799422166
2015-12-10,-0.2793619554260687
2015-12-11,0.17513445077831946
2015-12-14,-0.10998772595809925
2015-12-15,-0.2038098335073606
2015-12-16,-0.07453344971253273
2015-12-17,0.20477890706737156
2015-12-18,0.42023235085497745
2015-12-21,0.30406784749705906
2015-12-22,0.617960922408546
2015-12-23,0.14717971925221462
2015-12-24,-0.24431744739294814
2015-12-28,-0.855615630746982
2015-12-29,-0.6408214208129124
2015-12-30,-0.45977164502875567
2015-12-31,-0.3903754871621814
2016-01-01,-0.6014014092915083
2016-01-04,0.3166066613358609
2016-01-05,1.1707254478147995
2016-01-06,1.2341744964241919
2016-01-07,0.7450470406591307
2016-01-08,0.9596595583836667
2016-01-11,0.5861718899229551
2016-01-12,0.6813922348718151
2016-01-13,0.49083476332024745
2016-01-14,0.3736113052454293
2016-01-15,0.37519871717725906
2016-01-18,0.9692414073062707
2016-01-19,0.9741492053413054
2016-01-20,1.5106454570387964
2016-01-21,1.6143720994142612
2016-01-22,1.5798859317808436
2016-01-25,2.182610282723701
2016-01-27,2.59975432894732
2016-01-28,2.66028252847709
2016-01-29,2.1452578859749742
2016-02-01,1.9777976058076554
2016-02-02,1.2516282418698665
2016-02-03,1.140821235293286
2016-02-04,0.8126072906134301
2016-02-05,0.8069595193716879
2016-02-08,1.1589476254354487
2016-02-09,1.2158995199613791
2016-02-10,1.9438259371723436
2016-02-11,1.8562986759439593
2016-02-12,1.9856509939524223
2016-02-15,2.7298501982656873
2016-02-16,3.088436484805168
2016-02-17,3.3405772959061437
2016-02-18,2.597948998665508
2016-02-19,2.7399542349834487
2016-02-22,2.783525488687486
2016-02-23,2.8885614297064173
2016-02-24,2.95614750730358
2016-02-25,2.8019825968274663
2016-02-26,2.294894174864636
2016-02-29,2.503751455829015
2016-03-01,2.7433590648332213
2016-03-02,2.434293122139511
2016-03-03,2.879199369714467
2016-03-04,2.955010071730648
2016-03-08,2.3312842444496304
2016-03-09,3.0677087229162794
2016-03-10,2.542126603788752
2016-03-11,2.4162505180661853
2016-03-14,2.2890557440288006
2016-03-15,2.7949286663957693
2016-03-16,3.277227898931038
2016-03-17,3.127484898371165
2016-03-18,2.624553148890868
2016-03-21,2.53978824774655
2016-03-22,2.769396661122528
2016-03-23,2.3243608130439455
2016-03-28,2.848862500147085
2016-03-29,2.9299583796021267
2016-03-30,3.6057879141706017
2016-03-31,3.2789665583803576
2016-04-01,3.434638178203084
2016-04-04,3.0621917650811135
2016-04-05,3.4364136847026323
2016-04-06,3.699800060404172
2016-04-07,3.7227014910582135
2016-04-08,3.513000622833932
2016-04-11,3.143309121843618
2016-04-12,2.7002203289545648
2016-04-13,2.3250563833418028
2016-04-18,2.351084420253379
2016-04-20,2.8689809036128366
2016-04-21,2.655689735399946
2016-04-22,2.7505390297672676
2016-04-25,2.915722086518752
2016-04-26,2.6429691925836636
2016-04-27,2.8289980425487684
2016-04-28,3.271855712719244
2016-04-29,3.6558164140588083
2016-05-02,2.8214280122995525
2016-05-03,3.3674730070307675
2016-05-04,3.2083602944498573
2016-05-05,3.5937350252185496
2016-05-06,3.076259666494032
2016-05-09,3.0781475331737767
2016-05-10,3.4559661551421073
2016-05-11,3.1820578118753566
2016-05-12,2.826769680283391
2016-05-13,3.185345749767418
2016-05-16,3.346115169541534
2016-05-17,3.562321464788141
2016-05-18,3.6905611617897023
2016-05-19,3.967767660003968
2016-05-20,3.726007165096398
2016-05-23,3.0682169157266728
2016-05-24,3.5114836964318563
2016-05-25,3.4553004086265062
2016-05-26,3.1428194557955216
2016-05-27,3.098321968129774
2016-05-30,0.02284213340967156
2016-05-31,0.3762721485682299
2016-06-01,0.7091130800299652
2016-06-02,0.6555686397826861
2016-06-03,0.6161467209126528
2016-06-06,0.26557825602004925
2016-06-07,0.005255667208789561
2016-06-08,-0.0411323483335444
2016-06-09,-0.35729635460653597
2016-06-10,-1.9322434947171594
2016-06-13,-2.6252950311029473
2016-06-14,-2.696294429698842
2016-06-15,-2.3409999325166524
2016-06-16,-3.0818349135756975
2016-06-17,-3.3957363717299245
2016-06-20,-3.1190685477860285
2016-06-21,-3.844542304658006
2016-06-22,-3.663127237106167
2016-06-23,-3.943925905889728
2016-06-24,-3.992056322042721
2016-06-27,-4.725360596610027
2016-06-28,-4.24918944846122
2016-06-29,-4.53186846483386
2016-06-30,-4.58493334578462
2016-07-01,-4.569741726170935
2016-07-04,-4.614140775105337
2016-07-05,-3.9084735002248294
2016-07-07,-6.013344757410174
2016-07-08,-5.769980985005322
2016-07-11,-5.639943476812611
2016-07-12,-5.941070356328076
2016-07-13,-4.931285598536391
2016-07-14,-4.817285278101821
2016-07-15,-4.1851224854235305
2016-07-18,-4.683849342417538
2016-07-19,-4.518073759412964
2016-07-20,-4.167316119988129
2016-07-21,-4.159503338438924
2016-07-22,-4.410975778595422
2016-07-25,-4.3593109688569776
2016-07-26,-3.2373376600386834
2016-07-27,-4.0813346368857815
2016-07-28,-4.5759407998802075
2016-07-29,-4.023821800165827
2016-08-01,-3.988514254540622
2016-08-02,-3.961059849858792
2016-08-03,-4.292850475768187
2016-08-04,-3.4304574292241305
2016-08-05,-4.354779287071295
2016-08-08,-5.770351183185074
2016-08-09,-5.499541713821326
2016-08-10,-5.695265854108424
2016-08-11,-5.025170176052235
2016-08-12,-5.48714922666305
2016-08-16,-7.065797427221053
2016-08-17,-6.409779670212739
2016-08-18,-6.3913784897731745
2016-08-19,-7.077416945490448
2016-08-22,-6.7110451825320965
2016-08-23,-6.821628408311696
2016-08-24,-7.54629908578659
2016-08-25,-7.488939503038996
2016-08-26,-7.990849508341732
2016-08-29,-8.311669954876894
2016-08-30,-9.034639754847056
2016-08-31,-8.80472849433895
2016-09-01,-8.06368178713101
2016-09-02,-8.036249782467102
2016-09-06,-7.688590249749204
2016-09-07,-7.650566702306726
2016-09-08,-7.190108258185191
2016-09-09,-6.1778925210295625
2016-09-12,-4.538205048053623
2016-09-14,-5.048779970720101
2016-09-15,-6.145366110955855
2016-09-16,-6.041706881306958
2016-09-19,-6.132128748058658
2016-09-20,-6.217112391503029
2016-09-21,-6.815834506432395
2016-09-22,-7.424830213436039
2016-09-23,-7.7849224001910855
2016-09-26,-7.757327133799642
2016-09-27,-7.070740031699437
2016-09-28,-7.724230602916464
2016-09-29,-6.995232533184264
2016-09-30,-7.2105216711391265
2016-10-03,-6.887907934018607
2016-10-04,-6.298424869848837
2016-10-05,-7.026895941010494
2016-10-06,-7.345519068923856
2016-10-07,-6.008534733343719
2016-10-10,-5.754085245546182
2016-10-13,-4.8034002696431415
2016-10-14,-4.7888705881918945
2016-10-17,-3.9870921378133133
2016-10-18,-3.3165533878050795
2016-10-19,-2.924998177788744
2016-10-20,-3.7172783523172583
2016-10-21,-3.0315727157599426
2016-10-24,-2.886515241298575
2016-10-25,-3.6176881752992713
2016-10-26,-4.800406058399563
2016-10-27,-4.469531811756944
2016-10-28,-4.157899226340227
2016-11-01,-4.926879980410369
2016-11-02,-5.1498332595171235
2016-11-03,-7.364363228579023
2016-11-04,-6.464808365236571
2016-11-07,-7.776344141100246
2016-11-08,-8.027098039568099
2016-11-09,-7.4993373522185465
2016-11-10,-7.828371437490318
2016-11-11,-7.81921625805672
2016-11-15,-9.281341738528667
2016-11-16,-8.157782112856367
2016-11-17,-9.431254731793295
2016-11-18,-9.323527673135303
2016-11-21,-8.497758118510347
2016-11-22,-10.131579183676223
2016-11-23,-10.68532513140984
2016-11-24,-11.838356902248016
2016-11-25,-11.052746157648713
2016-11-28,-10.786091793848197
2016-11-29,-9.85685226609474
2016-11-30,-9.479139717519615
2016-12-01,-8.870227955377885
2016-12-02,-8.508880597267371
2016-12-05,-9.30628169723305
2016-12-06,-9.142395707867198
2016-12-07,-9.553961713790219
2016-12-08,-9.05586822370875
2016-12-09,-9.78373979190821
2016-12-12,-10.226557430029686
2016-12-13,-9.301986531405252
2016-12-14,-9.33396472318367
2016-12-15,-9.240552992919088
2016-12-16,-8.26929877548255
2016-12-19,-8.30444044254357
2016-12-20,-8.356515355975112
2016-12-21,-8.663352255645073
2016-12-22,-7.840243969642849
2016-12-23,-7.490268172067317
2016-12-26,-6.492720322928825
2016-12-27,-6.505423811502126
2016-12-28,-6.350985581065267
2016-12-29,-6.323948833836575
2016-12-30,-6.476138482474568
2017-01-02,-6.190308472048098
2017-01-03,-6.44977273596411
2017-01-04,-6.299650501496643
2017-01-05,-5.975821055433098
2017-01-06,-5.667602243837191
2017-01-09,-4.846608463812466
2017-01-10,-5.58393015778708
2017-01-11,-6.797069720616534
2017-01-12,-7.324376204309324
2017-01-13,-6.314805106293726
2017-01-16,-5.48585399905236
2017-01-17,-5.4428290269318325
2017-01-18,-5.760094740686277
2017-01-19,-5.641960234740381
2017-01-20,-5.562946855114511
2017-01-23,-7.340938207152959
2017-01-24,-8.41857075675103
2017-01-25,-8.857295230436193
2017-01-27,-8.872332767057287
2017-01-30,-9.591232304336039
2017-01-31,-9.157132050866345
2017-02-01,-10.349224277307847
2017-02-02,-8.887445321988032
2017-02-03,-8.840651502504976
2017-02-06,-8.413498904005387
2017-02-07,-7.4861453286504585
2017-02-08,-8.365614451312503
2017-02-09,-7.9506714547092585
2017-02-10,-6.940663705136203
2017-02-13,-7.292800324951415
2017-02-14,-7.8287982476778595
2017-02-15,-8.105522224898166
2017-02-16,-8.128829807784513
2017-02-17,-7.311120984686056
2017-02-20,-5.812458187825108
2017-02-21,-5.322349951462961
2017-02-22,-5.285558595374383
2017-02-23,-5.632380233802742
2017-02-27,-5.707104933770999
2017-02-28,-6.38272210765146
2017-03-01,-6.189889380388891
2017-03-02,-6.664866451453044
2017-03-03,-8.738048346321222
2017-03-06,-9.150092520634587
2017-03-07,-8.334000649211227
2017-03-08,-8.508087046154422
2017-03-09,-8.502166839759468
2017-03-10,-8.259555397905679
2017-03-14,-8.546872631916592
2017-03-15,-8.162244632690395
2017-03-16,-8.442166652736937
2017-03-17,-7.659964033448453
2017-03-20,-8.077356764161344
2017-03-21,-8.58239440694134
2017-03-22,-8.072048949049936
2017-03-23,-7.584996278374895
2017-03-24,-8.03581459435864
2017-03-27,-7.856195569886424
2017-03-28,-7.786318979934634
2017-03-29,-8.084046105237078
2017-03-30,-8.151464872187162
2017-03-31,-8.860201461512851
2017-04-03,-8.287576867915305
2017-04-05,-8.79238695326886
2017-04-06,-7.180362742168825
2017-04-07,-7.711657927720147
2017-04-10,-7.908850295741374
2017-04-11,-8.778249271950173
2017-04-12,-8.784139184996299
2017-04-13,-7.56822076013362
2017-04-17,-7.2379309782718835
2017-04-18,-8.722116517951292
2017-04-19,-9.167582683445985
2017-04-20,-8.99727978246348
2017-04-21,-9.646298915093176
2017-04-24,-10.282745742890278
2017-04-25,-10.194066510116215
2017-04-26,-11.485153915899154
2017-04-27,-11.58523645040814
2017-04-28,-12.371458138439891
2017-05-02,-12.895712871142848
2017-05-03,-12.474397831334038
2017-05-04,-11.285223427132813
2017-05-05,-10.411046695439232
2017-05-08,-10.168439068282716
2017-05-09,-10.557501120007878
2017-05-10,-10.422521274322456
2017-05-11,-11.660838874757943
2017-05-12,-11.393504510151018
2017-05-15,-11.651677135618257
2017-05-16,-11.16256605086086
2017-05-17,-8.897754855921129
2017-05-18,-8.350106541049463
2017-05-19,-7.411066088173932
2017-05-22,-7.470544083854165
2017-05-23,-7.574929873083015
2017-05-24,-6.95899230669108
2017-05-25,-7.667863361421318
2017-05-26,-7.451137212176327
2017-05-29,-8.415602572460443
2017-05-30,-8.543441390952886
2017-05-31,-8.513881192084163
2017-06-01,-8.282870922612268
2017-06-02,-8.627630405796921
2017-06-05,-8.688090830947843
2017-06-06,-8.381261487136499
2017-06-07,-8.74509642856411
2017-06-08,-8.421593670042078
2017-06-09,-8.672889605261808
2017-06-12,-8.21247542298201
2017-06-13,-8.197430256966385
2017-06-14,-8.540703123135927
2017-06-15,-7.726262627481049
2017-06-16,-7.458805094489556
2017-06-19,-7.431808103816941
2017-06-20,-7.487510306466952
2017-06-21,-6.57907505999615
2017-06-22,-5.632242876317548
2017-06-23,-5.543623090638377
2017-06-27,-5.049144596602872
2017-06-28,-4.805898779616491
2017-06-29,-4.263285997468984
2017-06-30,-3.169167216978096
2017-07-03,-4.1242017638631765
2017-07-04,-4.758773473162655
2017-07-05,-4.670889633113212
2017-07-06,-3.819621075386614
2017-07-07,-3.512190174192618
2017-07-10,-3.269351248448295
2017-07-11,-4.580328042030153
2017-07-12,-4.399544362190994
2017-07-13,-4.984106664880791
2017-07-14,-5.69091556436733
2017-07-17,-6.326559370045288
2017-07-18,-5.658143666605184
2017-07-19,-6.464849207078991
2017-07-20,-6.817343757730704
2017-07-21,-7.328087053326556
2017-07-24,-7.656940537101583
2017-07-25,-8.659249609486054
2017-07-26,-7.992037574312711
2017-07-27,-8.267031150455772
2017-07-28,-7.732414636020643
2017-07-31,-7.448770594199203
2017-08-01,-8.455489556356355
2017-08-02,-9.263877348925476
2017-08-03,-8.346834223375389
2017-08-04,-8.075635382430576
2017-08-07,-6.778919421285089
2017-08-08,-7.202237797373037
2017-08-09,-9.128372204596424
2017-08-10,-8.846214066664437
2017-08-11,-5.491767378312218
2017-08-14,-5.312082333393697
2017-08-16,-5.7721800080864085
2017-08-17,-5.452062422125401
2017-08-18,-5.375044652179113
2017-08-21,-4.496448288061373
2017-08-22,-5.571867926190791
2017-08-23,-4.886763075015111
2017-08-24,-5.036198453390817
2017-08-28,-5.4046669706307995
2017-08-29,-4.390028352939773
2017-08-30,-5.838643982180031
2017-08-31,-6.266616593519913
2017-09-01,-6.591403405155511
2017-09-04,-6.646342632130903
2017-09-05,-6.3494363660010364
2017-09-06,-7.187677364957075
2017-09-07,-8.168250341768498
2017-09-08,-7.876194681950658
2017-09-11,-7.441367851032787
2017-09-12,-6.096818194531579
2017-09-13,-5.659434681644065
2017-09-14,-5.622625828709879
2017-09-15,-5.666502133864427
2017-09-18,-6.52501713415333
2017-09-19,-5.559316938313728
2017-09-20,-4.13994200973729
2017-09-21,-4.286711368181784
2017-09-22,-3.645447044731121
2017-09-25,-4.317555769648322
2017-09-26,-4.498396555138314
2017-09-27,-4.641015026734308
2017-09-28,-5.730688040625459
2017-09-29,-6.012621653848775
2017-10-03,-5.613716819844278
2017-10-04,-5.821280085483458
2017-10-05,-5.400691729808393
2017-10-06,-5.4307221286678455
2017-10-09,-4.66112553259083
2017-10-10,-5.747962853094428
2017-10-11,-5.805488935911143
2017-10-12,-8.570914004816366
2017-10-13,-7.597495597776003
2017-10-16,-8.400112568892965
2017-10-17,-9.773887007896704
2017-10-18,-9.716758640164201
2017-10-19,-9.704959579441777
2017-10-23,-8.742232612387625
2017-10-24,-7.474022923537362
2017-10-25,-7.11570025625516
2017-10-26,-7.65824255528819
2017-10-27,-7.179039401327685
2017-10-30,-8.566199571221091
2017-10-31,-8.323215815162563
2017-11-01,-9.892825992459123
2017-11-02,-8.937985299676654
2017-11-03,-8.281735663618342
2017-11-06,-9.384496397030844
2017-11-07,-9.018315478744945
2017-11-08,-8.126642420946382
2017-11-09,-7.400195728826517
2017-11-10,-7.6626589251262445
2017-11-13,-7.78730120796493
2017-11-14,-8.235391472016637
2017-11-15,-6.700369508195664
2017-11-16,-6.704978693017061
2017-11-17,-6.533550874902829
2017-11-20,-7.065567586759201
2017-11-21,-6.361343953946701
2017-11-22,-5.523710453061007
2017-11-23,-4.815917117416035
2017-11-24,-4.303883951382822
2017-11-27,-4.29032262271059
2017-11-28,-4.423411728208812
2017-11-29,-3.133999630308523
2017-11-30,-2.793413187657052
2017-12-01,-2.6214134193571965
2017-12-04,-3.0701488973313076
2017-12-05,-4.112658949958366
2017-12-06,-2.883536800742597
2017-12-07,-2.508238137645968
2017-12-08,-2.3395818147940872
2017-12-11,-1.8334728799713886
2017-12-12,-2.5410679291109446
2017-12-13,-2.4159065448029438
2017-12-14,-2.494390021089494
2017-12-15,-3.286289038705199
2017-12-18,-4.125741323882465
2017-12-19,-4.786317339794039
2017-12-20,-6.294778536192538
2017-12-21,-6.542884480047228
2017-12-22,-7.861449259933664
2017-12-26,-7.247611903151039
2017-12-27,-6.435301422340473
2017-12-28,-7.6651875626808845
2017-12-29,-7.564466062441568
2018-01-01,-7.787005575076819
2018-01-02,-7.417979530112241
2018-01-03,-8.055438368980688
2018-01-04,-6.886405083045844
2018-01-05,-5.295660782518382
2018-01-08,-5.38677712737109
2018-01-09,-4.03347123504426
2018-01-10,-3.363358444248128
2018-01-11,-3.2645706172694346
2018-01-12,-3.57401758296119
2018-01-15,-2.0596925387800695
2018-01-16,-1.9879179939928235
2018-01-17,-1.8681263174661566
2018-01-18,-1.512797367525792
2018-01-19,-2.370761533157939
2018-01-22,-1.7574599204618409
2018-01-23,-1.939702523359088
2018-01-24,-1.837001710468897
2018-01-25,-1.3555119885639044
2018-01-29,-0.202468117559782
2018-01-30,0.41335982774666746
2018-01-31,-2.933548552223442
2018-02-01,-3.62366213722089
2018-02-02,-4.248076032306642
2018-02-05,-4.006335125361964
2018-02-06,-3.4584710041362356
2018-02-07,-4.047541901555832
2018-02-08,-3.086157316493491
2018-02-09,-1.5779917424741186
2018-02-12,0.7137005244399859
2018-02-14,0.30394863235013503
2018-02-15,-2.2135205529630326
2018-02-16,-2.1857313202605937
2018-02-19,-5.448506076960847
2018-02-20,-5.542415867341916
2018-02-21,-4.478312525326977
2018-02-22,-4.577021272047126
2018-02-23,-2.893999735134493
2018-02-26,-2.615753611639377
2018-02-27,-2.8527155609348966
2018-02-28,-3.1206129910812805
2018-03-01,-1.773502278727257
2018-03-05,-0.7070049091894361
2018-03-06,0.47455806761709596
2018-03-07,-0.1679319701941182
2018-03-08,-0.708941326404755
2018-03-09,-2.46945174471562
2018-03-12,-2.9047477707477043
2018-03-13,-2.0778194985591867
2018-03-14,-2.8725957400472524
2018-03-15,-3.160945920042593
2018-03-16,-3.3445977168057226
2018-03-19,-3.710206636733581
2018-03-20,-2.899637533775824
2018-03-21,-3.1585832617654646
2018-03-22,-3.7554962430620904
2018-03-23,-2.4236590421180964
2018-03-26,-2.2495513380813037
2018-03-27,-3.419789820304871
2018-03-28,-4.023542055434746
2018-04-02,-2.633310131114925
2018-04-03,-1.7934396930240624
2018-04-04,-1.6689478994280336
2018-04-05,-3.175276978479758
2018-04-06,-2.5980629150704857
2018-04-09,-4.392012225341112
2018-04-10,-5.138563900939353
2018-04-11,-5.621353328475536
2018-04-12,-6.02451937504857
2018-04-13,-7.583505513063436
2018-04-16,-8.1641310029581
2018-04-17,-7.794971045786511
2018-04-18,-8.139896401588935
2018-04-19,-11.610386376607117
2018-04-20,-12.259426455919765
2018-04-23,-10.715405690568588
2018-04-24,-7.058074535110428
2018-04-25,-6.876769269108131
2018-04-26,-7.9730673816251425
2018-04-27,-7.262058943915115
2018-04-30,-7.01110559124637
2018-05-02,-6.886405034615251
2018-05-03,-6.820728485279915
2018-05-04,-7.151820137939744
2018-05-07,-7.402307725167411
2018-05-08,-7.608046964033704
2018-05-09,-6.933780823863991
2018-05-10,-8.38955206524102
2018-05-11,-7.662692515077801
2018-05-14,-7.274070573936918
2018-05-15,-6.439394636811926
2018-05-16,-5.851731884270357
2018-05-17,-5.173093085299705
2018-05-18,-6.331054685628622
2018-05-21,-6.732063565060898
2018-05-22,-8.306519240545974
2018-05-23,-10.09615191159078
2018-05-24,-10.406631057881619
2018-05-25,-11.447349811575265
2018-05-28,-9.876965595668963
2018-05-29,-10.179125049085279
2018-05-30,-8.95082441195381
2018-05-31,-8.22447222495991
2018-06-01,-10.429781164300934
2018-06-04,-10.70894692238334
2018-06-05,-10.335567049870797
2018-06-06,-11.128154607900534
2018-06-07,-9.44878668230566
2018-06-08,-8.077083680522563
2018-06-11,-9.622268174510985
2018-06-12,-9.375231775815266
2018-06-13,-11.383275275305657
2018-06-14,-11.168445417132538
2018-06-15,-9.744082977906075
2018-06-18,-8.85805215834263
2018-06-19,-7.929753807486719
2018-06-20,-7.3599623964045975
2018-06-21,-6.894714793150932
2018-06-22,-6.495531654464877
2018-06-25,-5.919301021684369
2018-06-26,-7.708736773250486
2018-06-27,-7.040277596842046
2018-06-28,-7.351166636070637
2018-06-29,-7.99857883637889
2018-07-02,-6.894739296408453
2018-07-03,-7.115748774786049
2018-07-04,-6.240813544746636
2018-07-05,-5.994793222485775
2018-07-06,-6.013325944929747
2018-07-09,-6.213748002604767
2018-07-10,-6.774762237037294
2018-07-11,-5.9148324929358225
2018-07-12,-5.8394244175541345
2018-07-13,-5.200858228870118
2018-07-16,-7.092911385152043
2018-07-17,-7.521899769308952
2018-07-18,-8.168347107689186
2018-07-19,-5.18386411850485
2018-07-20,-4.358226553450294
2018-07-23,-3.3542087435285026
2018-07-24,-5.158794180467957
2018-07-25,-4.78116627673954
2018-07-26,-4.305348755199745
2018-07-27,-4.643389417239391
2018-07-30,-3.9143312492789875
2018-07-31,-3.5925776496612585
2018-08-01,-2.929418797511609
2018-08-02,-3.0288254026501136
2018-08-03,-3.8771703528499586
2018-08-06,-5.021983116532368
2018-08-07,-4.069176319758839
2018-08-08,-4.085622863563643
2018-08-09,-4.987903101092314
2018-08-10,-4.639487133289521
2018-08-13,-5.0412793609029265
2018-08-14,-4.164744744325219
2018-08-16,-3.8525991138468214
2018-08-17,-3.6595733754381854
2018-08-20,-3.7019564432760745
2018-08-21,-5.054417771332666
2018-08-23,-4.6686677041858715
2018-08-24,-4.589888782236521
2018-08-27,-6.027603427374942
2018-08-28,-7.3145724849448115
2018-08-29,-6.499660666788337
2018-08-30,-6.133373864387622
2018-08-31,-6.2403286407808665
2018-09-03,-6.557151374155659
2018-09-04,-6.186654672657163
2018-09-05,-7.204356051923021
2018-09-06,-5.663569897524866
2018-09-07,-5.78516626236037
2018-09-10,-4.641648531522662
2018-09-11,-5.45026053078081
2018-09-12,-6.10394516483484
2018-09-14,-7.096412145159697
2018-09-17,-6.023320194884491
2018-09-18,-4.638379584698612
2018-09-19,-4.298096678393279
2018-09-21,-5.0856733821918
2018-09-24,-6.395737266602033
2018-09-25,-7.680119482454501
2018-09-26,-8.17975641535017
2018-09-27,-7.016133225213743
2018-09-28,-6.162161658740068
2018-10-01,-9.100650574451855
2018-10-03,-11.93185256476314
2018-10-04,-11.266832534981695
2018-10-05,-9.911085864574048
2018-10-08,-6.256196269072824
2018-10-09,-5.615128514746033
2018-10-10,-5.322935753043595
2018-10-11,-5.221919814132853
2018-10-12,-5.860857588957167
2018-10-15,-7.573122920234866
2018-10-16,-7.063588765249072
2018-10-17,-7.893149019728604
2018-10-19,-7.693260986650422
2018-10-22,-7.8259370162525315
2018-10-23,-6.704298868759274
2018-10-24,-8.760302444896787
2018-10-25,-7.3583878303740065
2018-10-26,-6.626893752745055
2018-10-29,-5.493628354381386
2018-10-30,-6.187488303008529
2018-10-31,-6.240076018874049
2018-11-01,-8.552013714458013
2018-11-02,-9.276060337204363
2018-11-05,-9.442266590763573
2018-11-06,-9.639733693505129
2018-11-07,-9.610761593078173
2018-11-09,-9.041562451374674
2018-11-12,-5.937792102780243
2018-11-13,-5.956286082171566
2018-11-14,-5.485158423978085
2018-11-15,-6.423320643734947
2018-11-16,-6.816994713415738
2018-11-19,-7.190398845135249
2018-11-20,-5.829708576515323
2018-11-21,-7.0833986152901645
2018-11-22,-6.863526777664823
2018-11-26,-7.759079107244872
2018-11-27,-8.703174039953453
2018-11-28,-7.668094773180762
2018-11-29,-8.858719122126281
2018-11-30,-9.587375715017032
2018-12-03,-10.485697152577487
2018-12-04,-10.547669031716062
2018-12-05,-9.418361564476896
2018-12-06,-9.225034050296408
2018-12-07,-9.509063848455803
2018-12-10,-9.826077751468276
2018-12-11,-9.612034272376853
2018-12-12,-9.198136194524444
2018-12-13,-9.618537711536739
2018-12-14,-9.477160081610265
2018-12-17,-9.861787992924427
2018-12-18,-9.569704036014222
2018-12-19,-9.981225988403082
2018-12-20,-9.552543387237044
2018-12-21,-9.833513005022063
2018-12-24,-8.92714511164126
2018-12-26,-9.122939974553425
2018-12-27,-10.158891627735109
2018-12-28,-10.317664266774521
2018-12-31,-10.278381421804141
2019-01-01,-9.905152711040856
2019-01-02,-9.795155249359901
2019-01-03,-9.558294369216327
2019-01-04,-9.432412924703996
2019-01-07,-9.058786585953662
2019-01-08,-8.10109062390427
2019-01-09,-8.907615941283026
2019-01-10,-8.412010648441083
2019-01-11,-9.351567655388443
2019-01-14,-9.695648062019515
2019-01-15,-9.901641049985578
2019-01-16,-9.919141049193499
2019-01-17,-9.47250232266844
2019-01-18,-10.33159403322722
2019-01-21,-9.976855634229807
2019-01-22,-10.257130609297143
2019-01-23,-10.0430765423989
2019-01-24,-10.264397141468386
2019-01-25,-10.76603314363971
2019-01-28,-10.314373173716085
2019-01-29,-10.364533259671326
2019-01-30,-9.891851776402788
2019-01-31,-9.766719022397687
2019-02-01,-10.608303398497654
2019-02-04,-8.814491944218467
2019-02-05,-9.871233245728256
2019-02-06,-9.75784334600742
2019-02-07,-8.920454098220233
2019-02-08,-9.808926051463956
2019-02-11,-7.323649096621125
2019-02-12,-6.5185731763637165
2019-02-14,-5.372055462932295
2019-02-15,-5.398645495559045
2019-02-18,-5.07880484268707
2019-02-19,-5.1048421712112955
2019-02-20,-4.961045029374439
2019-02-21,-4.658708899620777
2019-02-22,-4.855895444239287
2019-02-25,-4.638613184797215
2019-02-26,-4.761274775373387
2019-02-27,-4.34646317386435
2019-02-28,-4.843517937363572
2019-03-01,-4.352345580187858
2019-03-05,-3.803127137547378
2019-03-06,-4.811954645231367
2019-03-07,-4.284733625989631
2019-03-08,-4.191608919711932
2019-03-11,-4.430843529048076
2019-03-12,-4.6122969371839275
2019-03-13,-5.287342703011262
2019-03-14,-4.60601993482161
2019-03-15,-4.388452740417932
2019-03-18,-3.649602252240001
2019-03-19,-4.174625036781322
2019-03-20,-6.433571666783806
2019-03-22,-6.496978540539615
2019-03-25,-5.909352329752423
2019-03-26,-6.2790061622902655
2019-03-27,-6.37056672431769
2019-03-28,-5.908252356117259
2019-04-01,-6.717131792572957
2019-04-02,-7.330615313481864
2019-04-03,-6.704301900707499
2019-04-04,-5.81086952496436
2019-04-05,-5.443111972782447
2019-04-08,-5.241446074102669
2019-04-09,-5.545615609209655
2019-04-10,-4.978724142676043
2019-04-11,-5.596643704735321
2019-04-12,-5.401885572776138
2019-04-15,-4.508688755187265
2019-04-16,-5.0148898746060695
2019-04-18,-4.032894021599546
2019-04-22,-3.1708038078504757
2019-04-23,-4.046380671491022
2019-04-24,-3.972834585914832
2019-04-25,-4.188271995911784
2019-04-26,-2.4425454050880617
2019-04-30,-2.610993989007632
2019-05-02,-2.4793465723585797
2019-05-03,-3.1575731825138362
2019-05-06,-2.676980195307408
2019-05-07,-3.476890236785792
2019-05-08,-4.021789708139906
2019-05-09,-3.8754532212120907
2019-05-10,-5.971427780559729
2019-05-13,-6.31546394445904
2019-05-14,-6.715696136766489
2019-05-15,-6.717660231738904
2019-05-16,-7.126009457799746
2019-05-17,-6.431615322765744
2019-05-20,-6.906490174656753
2019-05-21,-7.183479315301177
2019-05-22,-7.614305614772682
2019-05-23,-6.831737927531904
2019-05-24,-6.188125473430823
2019-05-27,-4.987995955091193
2019-05-28,-5.730023546435682
2019-05-29,-6.258221942181407
2019-05-30,-6.520358744895745
2019-05-31,-6.129338253317435
2019-06-03,-5.925876198298759
2019-06-04,-5.551782509913281
2019-06-06,-5.929219895208512
2019-06-07,-6.121973577696714
2019-06-10,-6.6055882567712985
2019-06-11,-6.39378329334297
2019-06-12,-5.231946307415782
2019-06-13,-5.583620931949277
2019-06-14,-5.31763201897833
2019-06-17,-6.577367243122595
2019-06-18,-5.789396799570213
2019-06-19,-4.030068176048893
2019-06-20,-4.4595223559057615
2019-06-21,-5.5167091222238795
2019-06-24,-6.577547261525126
2019-06-25,-6.6220672724206935
2019-06-26,-6.95946698480595
2019-06-27,-6.425221202515523
2019-06-28,-7.162520114817596
2019-07-01,-7.3865354292371705
2019-07-02,-7.340468513447945
2019-07-03,-7.065825984045716
2019-07-04,-6.812810423123537
2019-07-05,-6.364663300776165
2019-07-08,-6.925019829564832
2019-07-09,-6.961589860219341
2019-07-10,-7.113323661659038
2019-07-11,-7.631429159188549
2019-07-12,-6.810304562022601
2019-07-15,-7.500237950226115
2019-07-16,-6.549885996112565
2019-07-17,-7.6508587204168705
2019-07-18,-7.736425144171186
2019-07-19,-7.390052801629309
2019-07-22,-8.257067503268487
2019-07-23,-8.899037832116115
2019-07-24,-8.693455130816353
2019-07-25,-9.050660823427442
2019-07-26,-8.91077244216526
2019-07-29,-8.811328978112833
2019-07-30,-9.618838931156091
2019-07-31,-8.29753412532932
2019-08-01,-7.484976745731231
2019-08-02,-7.850184788084405
2019-08-05,-7.589522752413458
2019-08-06,-8.549669094861962
2019-08-07,-9.197379308575762
2019-08-08,-11.501315196492044
2019-08-09,-10.791111925762245
2019-08-13,-11.948211685363141
2019-08-14,-11.9163261336818
2019-08-16,-11.862263804615718
2019-08-19,-12.473752132085028
2019-08-20,-12.170873657674143
2019-08-21,-12.897335102497436
2019-08-22,-13.560014821249098
2019-08-23,-13.461843243857913
2019-08-26,-13.712896092762758
2019-08-27,-13.211372811127305
2019-08-28,-13.722806818661525
2019-08-29,-14.146320624044307
2019-08-30,-14.479932295592565
2019-09-03,-14.188524134335353
2019-09-04,-14.294892301345307
2019-09-05,-14.494269931157632
2019-09-06,-14.528717249036639
2019-09-09,-14.863080997501438
2019-09-11,-14.739955604972636
2019-09-12,-15.767032611234491
2019-09-13,-16.339114352756923
2019-09-16,-16.875336255847802
2019-09-17,-17.653776041389506
2019-09-18,-16.54951020004603
2019-09-19,-17.20812216495422
2019-09-20,-16.662160503280397
2019-09-23,-15.417599910515293
2019-09-24,-15.449323283777016
2019-09-25,-14.323812700302696
2019-09-26,-14.598438174475703
2019-09-27,-14.713534056468383
2019-09-30,-14.795233477188056
2019-10-01,-15.169590042471231
2019-10-03,-14.489165831650297
2019-10-04,-14.91688880906895
2019-10-07,-15.660449214717854
2019-10-09,-15.565654996960518
2019-10-10,-15.216522151691962
2019-10-11,-15.622395101104395
2019-10-14,-15.484623502199561
2019-10-15,-16.02593657328999
2019-10-16,-15.09408341221144
2019-10-17,-14.564151054131749
2019-10-18,-13.940878141934718
2019-10-22,-13.980405710960689
2019-10-23,-13.684739773540294
2019-10-24,-12.491472775793945
2019-10-25,-12.38844092014914
2019-10-27,-12.240077590807232
2019-10-29,-10.64338038636874
2019-10-30,-11.510668340240137
2019-10-31,-12.300609843154511
2019-11-01,-12.087617989410731
2019-11-04,-12.26657854688267
2019-11-05,-12.855947416454875
2019-11-06,-13.496680573256704
2019-11-07,-14.480971380192457
2019-11-08,-14.595322741127205
2019-11-11,-13.43060834469103
2019-11-13,-12.080632527468893
2019-11-14,-11.485259034661006
2019-11-15,-11.094713296162901
2019-11-18,-11.16702829942519
2019-11-19,-11.569239494667464
2019-11-20,-11.448518706164208
2019-11-21,-12.083608302901794
2019-11-22,-11.221725463490095
2019-11-25,-11.704117086762523
2019-11-26,-11.184441479571738
2019-11-27,-12.431668602647768
2019-11-28,-11.788562846814479
2019-11-29,-11.244676185267203
2019-12-02,-11.95571871235969
2019-12-03,-12.604695557009173
2019-12-04,-12.995536861274559
2019-12-05,-13.192413880356938
2019-12-06,-12.761661402107272
2019-12-09,-12.684041032251073
2019-12-10,-13.133090921873887
2019-12-11,-12.250860175151416
2019-12-12,-12.289155801219763
2019-12-13,-13.075992968480719
2019-12-16,-13.320285523143781
2019-12-17,-13.43593339575095
2019-12-18,-12.975227239730387
2019-12-19,-13.431242103928618
2019-12-20,-12.047157036508807
2019-12-23,-11.868265043291366
2019-12-24,-12.055886058065063
2019-12-26,-11.350453978794121
2019-12-27,-11.322130433417172
2019-12-30,-11.470112212221224
2019-12-31,-11.272935812674312
2020-01-01,-11.198255619167384
2020-01-02,-11.140489666279592
2020-01-03,-10.365984247233726
2020-01-06,-9.559682803113503
2020-01-07,-9.214600818411562
2020-01-08,-8.944576910128966
2020-01-09,-9.070292038544537
2020-01-10,-8.99092062675119
2020-01-13,-8.118926269340221
2020-01-14,-8.056331822585179
2020-01-15,-8.162834051253824
2020-01-16,-7.867324643743039
2020-01-17,-7.890162392002992
2020-01-20,-7.628782121281198
2020-01-21,-8.339387465089104
2020-01-22,-8.066804930995083
2020-01-23,-7.865862138953759
2020-01-24,-7.789868013258349
2020-01-27,-7.864658567135436
2020-01-28,-8.69436764563222
2020-01-29,-8.607057755808206
2020-01-30,-7.901075066032206
2020-01-31,-7.762430934370926
2020-02-03,-6.207450072702159
2020-02-04,-6.631240863834449
2020-02-05,-6.34830246324826
2020-02-06,-5.592888960870226
2020-02-07,-6.947105808050509
2020-02-10,-7.687588562444375
2020-02-11,-8.3215669264426
2020-02-12,-7.9985002150168185
2020-02-13,-8.93737805249318
2020-02-14,-9.205327162774516
2020-02-17,-8.129539489369002
2020-02-18,-7.197954650932722
2020-02-19,-7.9296834809315655
2020-02-20,-7.4966999476318605
2020-02-24,-7.2886792810338505
2020-02-25,-5.714902068464511
2020-02-26,-5.063340937113331
2020-02-27,-4.992159159855241
2020-02-28,-4.666787434993289
2020-03-02,-4.704275952173461
2020-03-03,-4.9804846413540105
2020-03-04,-6.159216879060253
2020-03-05,-5.076093851772413
2020-03-06,-5.8397700419485155
2020-03-09,-6.724541088843026
2020-03-11,-7.286705002311358
2020-03-12,-4.175606511133179
2020-03-13,-2.5887603307710947
2020-03-16,-2.9240791835158326
2020-03-17,-3.440027465596369
2020-03-18,-2.1399178472160933
2020-03-19,-0.6705070569182539
2020-03-20,0.14922639905071122
2020-03-23,2.060366162495267
2020-03-24,1.9232012450603655
2020-03-25,1.8081246541644092
2020-03-26,1.6109276937151904
2020-03-27,1.7129861562086184
2020-03-30,0.4135887995137999
2020-03-31,0.09410084059745927
2020-04-01,0.7747949717805405
2020-04-03,0.3884156122579441
2020-04-07,-1.2942060024517232
2020-04-08,-0.6861099837765394
2020-04-09,-1.415842242560803
2020-04-13,-3.080157620233127
2020-04-15,-3.168018157330156
2020-04-16,-4.136330172147719
2020-04-17,-4.610394922072004
2020-04-20,-3.3809296380454086
2020-04-21,-2.8958546279531454
2020-04-22,-2.976962279595206
2020-04-23,-3.507785787217035
2020-04-24,-1.9494351585409824
2020-04-27,-2.676504591407742
2020-04-28,-2.646545338662751
2020-04-29,-3.6602892861221576
2020-04-30,-5.619257956839569
2020-05-04,-4.325535039472037
2020-05-05,-4.405254582929068
2020-05-06,-4.612903526878721
2020-05-07,-4.5486977851231565
2020-05-08,-4.666767007960921
2020-05-11,-5.013687325944094
2020-05-12,-5.520294219720498
2020-05-13,-5.878880157004808
2020-05-14,-5.055327147150496
2020-05-15,-5.126747259709273
2020-05-18,-4.783449993194342
2020-05-19,-4.789370955943429
2020-05-20,-4.673484383353326
2020-05-21,-6.679591603901915
2020-05-22,-6.361130837070959
2020-05-26,-6.858154428638134
2020-05-27,-7.217527315358513
2020-05-28,-7.784579133370141
2020-05-29,-7.915690786674084
2020-06-01,-6.308053867206677
2020-06-02,-6.426441124062642
2020-06-03,-7.1121726610792315
2020-06-04,-6.733407913219324
2020-06-05,-6.69277087173079
2020-06-08,-6.459014561829875
2020-06-09,-5.693707006222198
2020-06-10,-7.405826989103723
2020-06-11,-7.715973961166128
2020-06-12,-7.730998249779489
2020-06-15,-8.628751951781894
2020-06-16,-9.410254203325472
2020-06-17,-8.978828276396143
2020-06-18,-8.80723992621055
2020-06-19,-8.660500933680801
2020-06-22,-8.004715644365508
2020-06-23,-9.418197655555105
2020-06-24,-8.281373288836718
2020-06-25,-7.398954954382376
2020-06-26,-8.383592059169082
2020-06-29,-7.411201119277074
2020-06-30,-7.002698471674954
2020-07-01,-7.572249630610976
2020-07-02,-6.6795033471004714
2020-07-03,-6.781262465897321
2020-07-06,-7.89756000068029
2020-07-07,-8.136625617661402
2020-07-08,-8.44496734740245
2020-07-09,-9.88768648499412
2020-07-10,-10.115428929059828
2020-07-13,-11.136657167684586
2020-07-14,-10.310986293907817
2020-07-15,-10.465276344812672
2020-07-16,-10.421102273394421
2020-07-17,-8.722614766547828
2020-07-20,-8.306676321603813
2020-07-21,-7.528396880669003
2020-07-22,-8.268455055371781
2020-07-23,-8.607589956933396
2020-07-24,-7.728891192405758
2020-07-27,-7.6333081913996494
2020-07-28,-8.689370946951247
2020-07-29,-7.2566774161241625
2020-07-30,-7.374067541772263
2020-07-31,-7.658194601784459
2020-08-03,-6.642049828228821
2020-08-04,-6.982357044461597
2020-08-05,-8.160714686713504
2020-08-06,-7.429199877602983
2020-08-07,-7.025121137544659
2020-08-10,-6.731088141058471
2020-08-11,-6.275428132322787
2020-08-12,-5.701762181845403
2020-08-13,-7.64670969640504
2020-08-14,-7.511409297105324
2020-08-17,-8.736656635545849
2020-08-18,-8.735291717897844
2020-08-19,-9.16466861241652
2020-08-20,-9.605092300605733
2020-08-21,-9.280536902003853
2020-08-24,-8.5301222904029
2020-08-25,-8.532792470386994
2020-08-26,-8.96460249861451
2020-08-27,-9.134912903124906
2020-08-28,-9.104087463596102
2020-08-31,-8.055515239282663
2020-09-01,-8.779852441109547
2020-09-02,-8.425108761119994
2020-09-03,-7.715283063702849
2020-09-04,-8.286080290285994
2020-09-07,-7.993482932630741
2020-09-08,-7.775946907287775
2020-09-09,-7.320434002232538
2020-09-10,-6.6744652014550425
2020-09-11,-7.1907447096545525
2020-09-14,-6.761739036228811
2020-09-15,-6.9348719004822
2020-09-16,-8.658972389438517
2020-09-17,-7.285798434326374
2020-09-18,-8.424923895827291
2020-09-21,-7.40525228562484
2020-09-22,-6.465196772023212
2020-09-23,-8.044666666891885
2020-09-24,-8.040079379604904
2020-09-25,-8.032176683065174
2020-09-28,-8.602880114679671
2020-09-29,-9.882344341700747
2020-09-30,-10.496940183908137
2020-10-01,-9.777173922550318
2020-10-05,-9.454810612162689
2020-10-06,-9.367905417921683
2020-10-07,-8.951969003276353
2020-10-08,-9.063701937083017
2020-10-09,-8.415350793523238
2020-10-12,-8.786329084348537
2020-10-13,-9.283356756664148
2020-10-14,-8.888302054366314
2020-10-15,-8.900209897602288
2020-10-16,-8.637952758732098
2020-10-19,-9.182093801008115
2020-10-20,-8.999398329482247
2020-10-21,-9.215047347450557
2020-10-22,-8.378025744108164
2020-10-23,-6.669465716318115
2020-10-26,-5.634413239730442
2020-10-27,-5.895657449982593
2020-10-28,-5.698143367959332
2020-10-29,-5.1722567368817565
2020-10-30,-5.0352449810061515
2020-11-02,-5.721787696879005
2020-11-03,-7.502675861855238
2020-11-04,-6.991931482893264
2020-11-05,-7.699724159431057
2020-11-06,-7.802929353706645
2020-11-09,-8.336926679943765
2020-11-10,-7.470971788572413
2020-11-11,-7.480269243323946
2020-11-12,-8.625745013948695
2020-11-13,-7.933570287624853
2020-11-14,-7.151401022624874
2020-11-17,-5.531338696019375
2020-11-18,-7.377200436966383
2020-11-19,-5.524854545935163
2020-11-20,-5.126483255488424
2020-11-23,-4.839926857509894
2020-11-24,-6.273365473560297
2020-11-25,-6.276916787745634
2020-11-26,-5.465805876869652
2020-11-27,-3.855336626114635
2020-12-01,-3.825915148763613
2020-12-02,-2.832354526716948
2020-12-03,-3.8092642963852015
2020-12-04,-6.186100939614363
2020-12-07,-6.544620894087082
2020-12-08,-5.326098221852064
2020-12-09,-4.566963091796403
2020-12-10,-4.904637712287922
2020-12-11,-4.130810127322569
2020-12-14,-4.334934980769006
2020-12-15,-3.168669835860456
2020-12-16,-4.108311783550668
2020-12-17,-3.48057110086382
2020-12-18,-4.7875216146302435
2020-12-21,-3.6705783935839094
2020-12-22,-3.1024505278914347
2020-12-23,-2.393837736102249
2020-12-24,-2.4938270381396705
2020-12-28,-2.3008388978972576
2020-12-29,-1.3221271657606408
2020-12-30,-1.0378156019785436
2020-12-31,-1.5076737772251008
2021-01-01,-1.0344728677936814
2021-01-04,-0.5127125860772139
2021-01-05,-0.6380476306637775
2021-01-06,-2.4286548379128376
2021-01-07,-2.3483554061940026
2021-01-08,-2.067018590980574
2021-01-11,-2.745387169673812
2021-01-12,-2.7271517584257907
2021-01-13,-1.098152743063494
2021-01-14,-1.0434232848986724
2021-01-15,0.8225983177269498
2021-01-18,-0.13855249712366913
2021-01-19,-0.886468195418864
2021-01-20,-0.23751368528986916
2021-01-21,-1.4991043877254953
2021-01-22,-0.8998473429335334
2021-01-25,-0.73399133024013
2021-01-27,-0.8620849140003415
2021-01-28,-0.5040417047579027
2021-01-29,-1.8075382933971795
2021-02-01,-2.2995954501553726
2021-02-02,-5.18176789091202
2021-02-03,-4.641334016441029
2021-02-04,-5.488725630475834
2021-02-05,-3.0308827009467976
2021-02-08,-5.488743026449448
2021-02-09,-5.59861135775607
2021-02-10,-6.688520158991011
2021-02-11,-10.091289935478784
2021-02-12,-10.225301672274057
2021-02-15,-11.08610151903244
2021-02-16,-11.431209107404882
2021-02-17,-11.921748478701844
2021-02-18,-13.25967620618124
2021-02-19,-15.138775162733054
2021-02-22,-15.86305034680585
2021-02-23,-16.021255301660602
2021-02-24,-16.099856405994743
2021-02-25,-19.026752170999046
2021-02-26,-18.943045154343196
2021-03-01,-18.54118591819531
2021-03-02,-18.374224334025435
2021-03-03,-18.12496865793115
2021-03-04,-17.43537095443429
2021-03-05,-16.81267075193633
2021-03-08,-16.17684845929889
2021-03-09,-18.009861357773076
2021-03-10,-18.161791691604293
2021-03-12,-16.15183879361345
2021-03-15,-15.587503532847649
2021-03-16,-16.674345468057965
2021-03-17,-16.591341785429535
2021-03-18,-17.830333521718458
2021-03-19,-16.187799725829535
2021-03-22,-16.3841560599338
2021-03-23,-14.681697158430453
2021-03-24,-14.682364653378741
2021-03-25,-12.043155063651447
2021-03-26,-11.39262510631535
2021-03-30,-8.33770969460248
2021-03-31,-7.447715761278616
2021-04-01,-8.576830079961411
2021-04-05,-8.26686444677921
2021-04-06,-8.641367685146136
2021-04-07,-8.022396516040672
2021-04-08,-7.34930928461992
2021-04-09,-7.994381412600845
2021-04-12,-6.242379882863446
2021-04-13,-6.836983898784368
2021-04-15,-6.331669630607195
2021-04-16,-10.908398668542773
2021-04-19,-9.062898274971161
2021-04-20,-8.065619597872555
2021-04-22,-4.878665842920938
2021-04-23,-3.0145909485287063
2021-04-26,-1.4382364705952568
2021-04-27,-2.488408286579144
2021-04-28,-2.171430047391169
2021-04-29,0.729851013925213
2021-04-30,2.791737559458838
2021-05-03,4.125716639226525
2021-05-04,5.799208403734497
2021-05-05,5.264950205424967
2021-05-06,3.4519315484305935
2021-05-07,6.879051712510119
2021-05-10,3.973440510125428
2021-05-11,8.548465121722657
2021-05-12,7.147781312229213
2021-05-14,6.8832192460885295
2021-05-17,6.095709269194444
2021-05-18,6.440129566759225
2021-05-19,4.800309794438391
2021-05-20,3.986659083183625
2021-05-21,3.59124395112822
2021-05-24,1.8930949290825367
2021-05-25,2.579879737685147
2021-05-26,3.009048526445568
2021-05-27,3.109723038084269
2021-05-28,3.24986143437917
2021-05-31,3.618707759463021
2021-06-01,1.3815354437701899
2021-06-02,2.4043425915261025
2021-06-03,2.13321553730745
2021-06-04,3.003272645753839
2021-06-07,3.7038000128951296
2021-06-08,3.9041354211955763
2021-06-09,4.123075028348637
2021-06-10,4.74856786413018
2021-06-11,6.694043831391028
2021-06-14,6.858891048843091
2021-06-15,8.611355889606244
2021-06-16,8.351774718425105
2021-06-17,9.775170724120386
2021-06-18,8.270502949510913
2021-06-21,10.376810775322184
2021-06-22,10.92993061072518
2021-06-23,9.726014473835733
2021-06-24,10.649820475888646
2021-06-25,13.614540502567053
2021-06-28,13.750461764570204
2021-06-29,14.647454967831365
2021-06-30,14.644333482582795
2021-07-01,12.636761857478731
2021-07-02,11.004642214032287
2021-07-05,9.64541719982141
2021-07-06,11.554556204805124
2021-07-07,14.11455918644451
2021-07-08,14.06723199812815
2021-07-09,16.78828377616547
2021-07-12,16.099148704274185
2021-07-13,15.334763257606966
2021-07-14,16.880564183512718
2021-07-15,15.551898375530413
2021-07-16,16.573908427536992
2021-07-19,17.536393966174344
2021-07-20,17.92833892850146
2021-07-22,18.93362495544801
2021-07-23,20.087038135753588
2021-07-26,19.579757339950035
2021-07-27,18.3643503560303
2021-07-28,21.636093423022558
2021-07-29,19.983661585601382
2021-07-30,20.991903376951754
2021-08-02,18.620958989402453
2021-08-03,17.660271947855918
2021-08-04,19.895741073436227
2021-08-05,22.47674124148473
2021-08-06,21.139269173803797
2021-08-09,21.43663592566938
2021-08-10,19.87304930167025
2021-08-11,22.207416377384604
2021-08-12,22.15503890643447
2021-08-13,23.326176263555027
2021-08-16,28.480510116985073
2021-08-17,28.32564760981525
2021-08-18,30.338774765622418
2021-08-20,24.901495649640296
2021-08-23,22.647240347228916
2021-08-24,23.360348356568977
2021-08-25,19.74175807093353
2021-08-26,19.980815875996257
2021-08-27,17.493837246510722
2021-08-30,20.04397967179918
2021-08-31,16.068690260107786
2021-09-01,15.06190805682678
2021-09-02,16.559292050983885
2021-09-03,17.155560627363087
2021-09-06,14.676158897144632
2021-09-07,15.601489721103405
2021-09-08,17.132236727898302
2021-09-09,16.91435030978684
2021-09-13,14.836023699433753
2021-09-14,13.94995702519904
2021-09-15,12.087868223849114
2021-09-16,11.306706855375651
2021-09-17,9.273254661699795
2021-09-20,4.410919746302795
2021-09-21,6.279810244462709
2021-09-22,4.617760810951054
2021-09-23,0.9285277707425195
2021-09-24,-2.100808491077629
2021-09-27,-2.872997727680925
2021-09-28,-1.1789205693738154
2021-09-29,-3.705965786127365
2021-09-30,-2.8140796741165985
2021-10-01,-1.168653666247863
2021-10-04,-3.940587699698284
2021-10-05,-2.1052508783298123
2021-10-06,-0.7352644149826517
2021-10-07,-0.29795419997742556
2021-10-08,1.6710994060115638
2021-10-11,-0.5681171560298139
2021-10-12,-1.8252194651260538
2021-10-13,-1.8468569372645192
2021-10-14,-1.9384838832722693
2021-10-18,-5.131339606367263
2021-10-19,-6.86099241210465
2021-10-20,-3.982448580112944
2021-10-21,-1.9251927136808433
2021-10-22,2.00224389358074
2021-10-25,1.0754912639042686
2021-10-26,2.4573799884323364
2021-10-27,2.3942949340383706
2021-10-28,2.6902107096649956
2021-10-29,6.273528259358542
2021-11-01,6.20988100533323
2021-11-02,4.022123466582613
2021-11-03,2.7547881322795575
2021-11-04,4.099630704002266
2021-11-08,6.2937783532100156
2021-11-09,6.890199515992336
2021-11-10,7.136520431559035
2021-11-11,6.228271895640347
2021-11-12,1.6628174947969825
2021-11-15,0.9977035619643715
2021-11-16,1.9862645443975424
2021-11-17,1.2638082266626611
2021-11-18,-0.46517651540825966
2021-11-22,-2.802650808877871
2021-11-23,-2.3442060385770134
2021-11-24,-3.98948299790176
2021-11-25,-3.2131753130543785
2021-11-26,-1.4533359164474717
2021-11-29,-1.9882057532982174
2021-11-30,-4.058146531079885
2021-12-01,-5.9539675846163505
2021-12-02,-5.042167034527424
2021-12-03,-2.7742988848344226
2021-12-06,-2.797786797488598
2021-12-07,-4.31628559417716
2021-12-08,-5.748226647995551
2021-12-09,-4.980502799288857
2021-12-10,-4.5722277961714894
2021-12-13,-6.61652771173469
2021-12-14,-7.271277056312357
2021-12-15,-7.630516990611412
2021-12-16,-5.8350344848796425
2021-12-17,-7.608760550456282
2021-12-20,-8.752579640593325
2021-12-21,-8.86535201917141
2021-12-22,-11.039756872884894
2021-12-23,-10.656939372636913
2021-12-24,-11.158909181228765
2021-12-27,-9.146658857471209
2021-12-28,-9.924040971333028
2021-12-29,-9.980619758082682
2021-12-30,-10.226870513586178
2021-12-31,-15.47787032733811
2022-01-03,-13.345061295379907
2022-01-04,-12.321585246860195
2022-01-05,-9.608086823974702
2022-01-06,-11.764551760851106
2022-01-07,-15.45063265647704
2022-01-10,-14.54195121670682
2022-01-11,-16.396340608749213
2022-01-12,-17.668241969814403
2022-01-13,-13.434919824772194
2022-01-14,-13.825422025050202
2022-01-17,-12.308702444402101
2022-01-18,-13.00977156153057
2022-01-19,-13.808198027881716
2022-01-20,-13.72987747564342
2022-01-21,-17.77263544863223
2022-01-24,-17.235069518766636
2022-01-25,-18.11489428743299
2022-01-27,-20.751254712447604
2022-01-28,-21.362807192184903
2022-01-31,-20.97386806970222
2022-02-01,-19.003963071144
2022-02-02,-19.693601237448334
2022-02-03,-19.463093827657943
2022-02-04,-21.587523410344374
2022-02-07,-20.390275126743447
2022-02-08,-18.169609930339433
2022-02-09,-21.6204900608073
2022-02-10,-20.51147057615296
2022-02-11,-18.890573763228204
2022-02-14,-19.729772962429053
2022-02-15,-20.89225537555923
2022-02-16,-21.212047649548538
2022-02-17,-22.061162175340655
2022-02-18,-21.371531491359022
2022-02-21,-17.966000738245043
2022-02-22,-22.764492657365338
2022-02-23,-23.33370251027192
2022-02-24,-28.804478022042318
2022-02-25,-26.396277851076277
2022-02-28,-29.254388376939232
2022-03-02,-29.49457565936234
2022-03-03,-29.743952310923888
2022-03-04,-26.689234039763207
2022-03-07,-33.95181611360623
2022-03-08,-28.823389496371078
2022-03-09,-29.616108447690877
2022-03-10,-26.290520200794575
2022-03-11,-25.786834875076096
2022-03-14,-26.605511145299772
2022-03-15,-24.774670774752806
2022-03-16,-25.08759812884483
2022-03-17,-22.70227088803827
2022-03-21,-25.879320587679658
2022-03-22,-26.796813394010897
2022-03-23,-27.818203548056445
2022-03-24,-29.31395729686733
2022-03-25,-30.513600445140455
2022-03-28,-32.30049882475261
2022-03-29,-32.94104603440225
2022-03-30,-27.777260712861363
2022-03-31,-20.63298729664828
2022-04-01,-19.999893896267324
2022-04-04,-21.867440378167274
2022-04-05,-21.44851058279886
2022-04-06,-17.839138319051386
2022-04-07,-18.160822575481035
2022-04-08,-17.958286825838798
2022-04-11,-17.802698140459285
2022-04-12,-13.015832105370336
2022-04-13,-14.130137338011806
2022-04-18,-12.07150795891502
2022-04-19,-12.08762069541342
2022-04-20,-14.175289261308052
2022-04-21,-14.108544911046067
2022-04-22,-10.055296994321367
2022-04-25,-10.64627599487531
2022-04-26,-8.991676426168794
2022-04-27,-7.564689002423336
2022-04-28,-5.4377596775920125
2022-04-29,-3.1224081100897223
2022-05-02,-1.413796261889658
2022-05-04,1.0271796012420111
2022-05-05,3.054609647468226
2022-05-06,7.25901853698673
2022-05-09,4.407592161744532
2022-05-10,1.7466835202161946
2022-05-11,1.9243094044147426
2022-05-12,1.678453734544803
2022-05-13,4.1093792006243035
2022-05-16,3.978617366061272
2022-05-17,2.554869881315014
2022-05-18,-0.023411902241974758
2022-05-19,-0.5864001864669888
2022-05-20,0.795018071359479
2022-05-23,-8.400145200496013
2022-05-24,-6.918743366351535
2022-05-25,-6.615761674746025
2022-05-26,-4.580590019479999
2022-05-27,-5.638436307490025
2022-05-30,-7.101494523206966
2022-05-31,-7.761657087284476
2022-06-01,-4.231112790758019
2022-06-02,-2.4681835207045566
2022-06-03,-2.971880420281096
2022-06-06,-2.5931405921579938
2022-06-07,-2.2587396666560977
2022-06-08,-0.4856737453724378
2022-06-09,-3.2800221019530653
2022-06-10,-1.8059812105133801
2022-06-13,-0.0021613081703293346
2022-06-14,2.309280722378176
2022-06-15,3.8356704701993323
2022-06-16,3.567926248507277
2022-06-17,4.603524019802791
2022-06-20,3.3080478606772346
2022-06-21,1.2497235869495
2022-06-22,2.349828104705807
2022-06-23,2.372684894240109
2022-06-24,2.3243142047521275
2022-06-27,1.8931293735721937
2022-06-28,-0.3220732488420026
2022-06-29,-0.21456526048874025
2022-06-30,-0.2538796772826686
2022-07-01,-0.3114849269635869
2022-07-04,-1.854194241748388
2022-07-05,-2.466425336349303
2022-07-06,-1.627462215790672
2022-07-07,-2.677144174278297
2022-07-08,-3.008280119873035
2022-07-11,-0.1959377455977176
2022-07-12,1.031887144441427
2022-07-13,0.8104869701056572
2022-07-14,1.055037867331194
2022-07-15,-1.5353091306465814
2022-07-18,-3.5767463049089656
2022-07-19,-2.373897861064208
2022-07-20,-1.8725754579344454
2022-07-21,-2.90238185918858
2022-07-22,-4.002790311688983
2022-07-25,-3.098027022449216
2022-07-26,-2.9099865394838247
2022-07-27,-3.5998342390846005
2022-07-28,-0.4024171929516598
2022-07-29,0.9265015212324244
2022-08-01,-0.6028968714942238
2022-08-02,-0.42823239642014244
2022-08-03,0.606898227061393
2022-08-04,-0.5651145038846579
2022-08-05,1.7071735476141185
2022-08-08,-0.9574647685195288
2022-08-10,-3.557535956380775
2022-08-11,-3.0251613317048935
2022-08-12,-0.39325299851007856
2022-08-16,1.6986433860543713
2022-08-17,-1.181586661004701
2022-08-18,-0.9187962049207812
2022-08-19,-0.6651960914868909
2022-08-22,-3.1755042304689027
2022-08-23,-3.0701437411366754
2022-08-24,-4.272563259247491
2022-08-25,-5.488575294505026
2022-08-26,-6.223385183547975
2022-08-29,-6.174157232535066
2022-08-30,-5.089668029573076
2022-09-01,-2.7526977838773945
2022-09-02,-1.8924768886465984
2022-09-05,-4.056111502426191
2022-09-06,-2.8758509967857435
2022-09-07,-4.260311920214406
2022-09-08,-2.9262835504199245
2022-09-09,-4.375815105893096
2022-09-12,-3.712415215588834
2022-09-13,-5.034833448514092
2022-09-14,-5.022496090092787
2022-09-15,-2.7851864961160118
2022-09-16,-1.1299012100153902
2022-09-19,-3.4575976491867237
2022-09-20,-3.1890590418584566
2022-09-21,-2.0129378728130405
2022-09-22,-2.981751998391786
2022-09-23,1.4545016741245291
2022-09-26,2.8445744485517395
2022-09-27,0.7556986702775248
2022-09-28,1.5726242136476145
2022-09-29,0.5906391560376534
2022-09-30,-1.789126466409499
2022-10-03,-0.3621909143830635
2022-10-04,-0.9145454423871939
2022-10-06,-3.160373806343884
2022-10-07,-3.019604835444639
2022-10-10,-2.2468007352223935
2022-10-11,-2.1375229347854656
2022-10-12,-2.9498340218614914
2022-10-13,-3.691851873277102
2022-10-14,-2.6339262657241704
2022-10-17,-1.0162364938708777
2022-10-18,-1.234100042333111
2022-10-19,-1.0332889984761664
2022-10-20,-1.4229653835934641
2022-10-21,-1.7236719550066368
2022-10-24,-1.228814160440777
2022-10-25,-1.914060238599859
2022-10-27,-2.497302146516077
2022-10-28,-3.117899030674309
2022-10-31,-3.3325780046799736
2022-11-01,-5.761081493795629
2022-11-02,-7.373727888988469
2022-11-03,-4.045205993068976
2022-11-04,-6.351069094732466
2022-11-07,-6.213227375484308
2022-11-09,-1.864867731973888
2022-11-10,-2.6826695004169494
2022-11-11,-3.5853801359627084
2022-11-14,-8.697868770943558
2022-11-15,-9.161604309759994
2022-11-16,-8.732701001706175
2022-11-17,-7.711011934234094
2022-11-18,-7.5908716982213775
2022-11-21,-6.8148905058652645
2022-11-22,-5.957682587530186
2022-11-23,-6.37495316467475
2022-11-24,-7.530758717592761
2022-11-25,-7.434424455672371
2022-11-28,-6.356175896741149
2022-11-29,-6.39713506532874
2022-11-30,-8.505763059272908
2022-12-01,-8.68366512799571
2022-12-02,-6.971108240601183
2022-12-05,-8.232537267824839
2022-12-06,-8.229766649089228
2022-12-07,-8.482634320018661
2022-12-08,-9.646880252922927
2022-12-09,-8.829712351392772
2022-12-12,-7.453785309661285
2022-12-13,-6.9919162024432495
2022-12-14,-7.968693474010877
2022-12-15,-7.921089449364473
2022-12-16,-6.806455199759611
2022-12-19,-6.928211879816104
2022-12-20,-6.971350745833078
2022-12-21,-8.433226994978469
2022-12-22,-9.659858960579854
2022-12-23,-8.429716304343884
2022-12-26,-9.100602106639585
2022-12-27,-10.139942376489529
2022-12-28,-9.992513584885998
2022-12-29,-9.31887016127348
2022-12-30,-9.313528483427433
2023-01-02,-6.485140520273177
2023-01-03,-5.508105631756422
2023-01-04,-3.58866358015446
2023-01-05,-3.856396575937083
2023-01-06,-3.9579235121825604
2023-01-09,-4.142970117929707
2023-01-10,-4.57202257657633
2023-01-11,-7.793910734241635
2023-01-12,-7.215298394336756
2023-01-13,-5.7206126847989935
2023-01-16,-4.8740474379195575
2023-01-17,-6.596746874588661
2023-01-18,-7.339684024858741
2023-01-19,-5.345503617492952
2023-01-20,-3.750167343854571
2023-01-23,-5.653284112403213
2023-01-24,-4.841301255803614
2023-01-25,-5.354678848425792
2023-01-27,-3.250914857114779
2023-01-30,-3.4145147072981388
2023-01-31,-1.5835273825738483
2023-02-01,0.7286544589704675
2023-02-02,-0.6303059504721062
2023-02-03,1.1232733837863975
2023-02-06,1.390521663248876
2023-02-07,0.10451678891783445
2023-02-08,-1.5665253058980113
2023-02-09,-3.6875765305798467
2023-02-10,-3.2192747020285566
2023-02-13,-1.955282245089009
2023-02-14,-3.1985753536146717
2023-02-15,-2.020188761895298
2023-02-16,-0.6235396306381347
2023-02-17,0.8586595698855035
2023-02-20,-0.19066902476563996
2023-02-21,1.2126551859848433
2023-02-22,-0.20983765438029423
2023-02-23,-0.9979138469976192
2023-02-24,1.96582075784589
2023-02-27,-0.590538387086994
2023-02-28,0.444563970576354
2023-03-01,-1.4476602860338659
2023-03-02,-1.6951562027545748
2023-03-03,-0.9819018297753672
2023-03-06,-1.6571616974316754
2023-03-08,0.7542967694013925
2023-03-09,2.0667769583830307
2023-03-10,2.743426023640339
2023-03-13,2.3549973149257966
2023-03-14,1.8757473255541868
2023-03-15,3.133400562871387
2023-03-16,4.891217809316487
2023-03-17,3.874948662612269
2023-03-20,4.188676868392037
2023-03-21,3.7473504766723664
2023-03-22,2.783900475907757
2023-03-23,1.421997850168708
2023-03-24,1.3251936895017593
2023-03-27,1.1380382939961464
2023-03-28,0.6142756468674548
2023-03-29,0.15597499346435484
2023-03-31,-0.523921924525979
2023-04-03,-0.22174805966179179
2023-04-05,0.29363733868522957
2023-04-06,-0.6390261191290847
2023-04-10,-1.5731647939325768
2023-04-11,-0.6279846036697023
2023-04-12,-0.6056462171720511
2023-04-13,-1.7563451151531666
2023-04-17,-3.6799339856729034
2023-04-18,-3.947745371449173
2023-04-19,-3.844587026514475
2023-04-20,-3.167953072974427
2023-04-21,-3.0807862655205014
2023-04-24,-4.066496409860875
2023-04-25,-4.037169972182539
2023-04-26,-3.02050931672548
2023-04-27,-3.721027193136024
2023-04-28,-4.717082001890091
2023-05-02,-4.95352862668507
2023-05-03,-4.584432809895205
2023-05-04,-4.101513235603221
2023-05-05,-3.6229123719336087
2023-05-08,-5.3847754532628755
2023-05-09,-4.2547202548137335
2023-05-10,-3.5953030681890397
2023-05-11,-0.4938048399473729
2023-05-12,1.7075258308976657
2023-05-15,1.1581542034265624
2023-05-16,0.45910347339520285
2023-05-17,0.3024918214643151
2023-05-18,-0.15108590928844023
2023-05-19,-0.7213842786880775
2023-05-22,-0.6251357420122474
2023-05-23,-0.693689102627161
2023-05-24,-0.24726368536515508
2023-05-25,0.06521699108373014
2023-05-26,-0.7330168625254885
2023-05-29,-0.35815792984587347
2023-05-30,-0.02184883233658752
2023-05-31,0.5497528623476597
2023-06-01,0.5807033734643596
2023-06-02,-0.9799573023269517
2023-06-05,0.5711946911026331
2023-06-06,1.1979515679277881
2023-06-07,1.8219530848064096
2023-06-08,2.543185715491731
2023-06-09,1.2254193504740982
2023-06-12,1.3612305228856485
2023-06-13,1.785810046436481
2023-06-14,3.366452592782622
2023-06-15,3.800932160376206
2023-06-16,3.3270465899624355
2023-06-19,3.3802496152603823
2023-06-20,2.846165191901605
2023-06-21,4.444999305827636
2023-06-22,5.427729947458417
2023-06-23,6.767919777611681
2023-06-26,5.516680724977675
2023-06-27,5.645467340811479
2023-06-28,5.822710978380542
2023-06-30,6.073440162761216
2023-07-03,5.997088419489387
2023-07-04,5.290491250406959
2023-07-05,6.85122399445757
2023-07-06,5.385711133556015
2023-07-07,5.269515922575096
2023-07-10,7.57553971424656
2023-07-11,8.201247459290528
2023-07-12,7.722090297913837
2023-07-13,5.377251570015673
2023-07-14,4.755284791475518
2023-07-17,5.293972656572805
2023-07-18,4.8175202188478465
2023-07-19,6.187629129751883
2023-07-20,5.862080595468726
2023-07-21,7.221912244506555
2023-07-24,6.540865871755003
2023-07-25,6.153787725011895
2023-07-26,6.944546059903473
2023-07-27,6.223809980881583
2023-07-28,6.966081070603408
2023-07-31,6.739899225427251
2023-08-01,6.4271336451681265
2023-08-02,4.664219049535276
2023-08-03,4.234315330013018
2023-08-04,4.111016511407115
2023-08-07,2.079886292050304
2023-08-08,3.8377791646097847
2023-08-09,2.3992891116361648
2023-08-10,2.2077073855619176
2023-08-11,4.04591503464637
2023-08-14,4.079772445601904
2023-08-16,3.3276164943548707
2023-08-17,2.8425883896300377
2023-08-18,4.563388233140913
2023-08-21,3.221199287111091
2023-08-22,3.613932474380718
2023-08-23,2.317111686521926
2023-08-24,2.7961109973432343
2023-08-25,3.07599733265765
2023-08-28,4.641969193938124
2023-08-29,4.150316350241596
2023-08-30,6.423574181928416
2023-08-31,6.439671182427119
2023-09-01,7.17209934775812
2023-09-04,8.431375352444604
2023-09-05,8.51657356989081
2023-09-06,8.428936163019955
2023-09-07,9.693892543388145
2023-09-08,8.81715797656068
2023-09-11,8.292220778793208
2023-09-12,7.950982164264175
2023-09-13,7.158898827219559
2023-09-14,5.79398080646844
2023-09-15,6.2270573420608315
2023-09-18,7.70639592759747
2023-09-20,7.147346899065553
2023-09-21,6.365886091530356
2023-09-22,5.529472278985651
2023-09-25,8.451200611954874
2023-09-26,9.36774650408718
2023-09-27,7.814379512420686
2023-09-28,8.481468565503377
2023-09-29,4.249261633601336
2023-10-03,6.460646414703248
2023-10-04,5.459456775110809
2023-10-05,6.101279943381542
2023-10-06,6.227807053378967
2023-10-09,4.94170641569562
2023-10-10,3.7048895119159084
2023-10-11,2.5830964532408274
2023-10-12,3.372103768997789
2023-10-13,3.4775169921863665
2023-10-16,4.667815322740779
2023-10-17,4.821069445069014
2023-10-18,4.364293255172299
2023-10-19,4.544821524566515
2023-10-20,3.7513516454136635
2023-10-23,4.424053676946485
2023-10-25,4.62819894462443
2023-10-26,4.340373026746704
2023-10-27,4.461377149565465
2023-10-30,3.6219434613170165
2023-10-31,2.5490518726361415
2023-11-01,-0.2848851401405028
2023-11-02,-1.631113204718332
2023-11-03,-2.6394483546527567
2023-11-06,-2.2614071859468368
2023-11-07,-2.6511390844112697
2023-11-08,-4.072913122365321
2023-11-09,-2.6269412527766036
2023-11-10,-1.4814412045463001
2023-11-13,-2.0718900147823973
2023-11-15,-3.48220226292581
2023-11-16,-2.5933536685637506
2023-11-17,-0.5292431732913911
2023-11-20,-1.234569691776727
2023-11-21,-1.725724211071082
2023-11-22,-0.27215731707124746
2023-11-23,-0.10882002350241748
2023-11-24,-2.242994832982646
2023-11-28,-3.2685436998542485
2023-11-29,-2.8541493439687713
2023-11-30,-2.274836499361456
2023-12-01,-0.6383433274812518
2023-12-04,-0.1765349924853581
2023-12-05,0.059395648915668176
2023-12-06,-0.26984929985660244
2023-12-07,-0.3600233697462869
2023-12-08,-2.166991863214605
2023-12-11,-1.8488978447165465
2023-12-12,-3.023133167531711
2023-12-13,-3.084688317472967
2023-12-14,-4.9905276570351305
2023-12-15,-4.1522593484863535
2023-12-18,-6.222945772397395
2023-12-19,-6.997317362246349
2023-12-20,-8.38007800718654
2023-12-21,-9.130855045719898
2023-12-22,-10.124693418422652
2023-12-26,-10.819030402278258
2023-12-27,-15.134925172559178
2023-12-28,-16.330387261638265
2023-12-29,-15.074505767170422
2024-01-01,-13.758103330250975
2024-01-02,-15.594841452865637
2024-01-03,-13.869856206879518
2024-01-04,-14.30645509679104
2024-01-05,-14.034148821242326
2024-01-08,-13.351933494315858
2024-01-09,-11.359951721089317
2024-01-10,-11.921121744258528
2024-01-11,-10.404587236059768
2024-01-12,-11.255662843733717
2024-01-15,-9.84796228523524
2024-01-16,-8.782722307764857
2024-01-17,-9.476260769969286
2024-01-18,-8.804146907038302
2024-01-19,-6.223361734922577
2024-01-23,-6.399157172962703
2024-01-24,-7.309412516131715
2024-01-25,-9.146615117460897
2024-01-29,-8.118627208236518
2024-01-30,-8.732688862543114
2024-01-31,-9.97958145524072
2024-02-01,-9.1209259348729
2024-02-02,-8.34968680603916
2024-02-05,-4.748403646121432
2024-02-06,-2.988931640712366
2024-02-07,-5.007145724120704
2024-02-08,-7.915771157217392
2024-02-09,-7.74675711021996
2024-02-12,-9.340857196441249
2024-02-13,8.599527102812417
2024-02-14,12.365144205103292
2024-02-15,11.058289203408762
2024-02-16,11.506987009137603
2024-02-19,11.994551923953082
2024-02-20,11.30183761033264
2024-02-21,13.983475968646857
2024-02-22,13.636496678638977
2024-02-23,13.883087702378404
2024-02-26,14.419643931387782
2024-02-27,14.791157981788018
2024-02-28,12.756914442184396
2024-02-29,12.985812158554879
2024-03-01,18.012181651840137
2024-03-04,19.613846980253555
2024-03-05,19.106194756724392
2024-03-06,17.692956099330033
2024-03-07,20.745576632098363
2024-03-11,17.831525685417233
2024-03-12,18.071061190086198
2024-03-13,14.905627356906592
2024-03-14,9.339486811719752
2024-03-15,6.854390773134185
2024-03-18,14.856489905857273
2024-03-19,13.341435112075914
2024-03-20,11.775590947824128
2024-03-21,13.170491836591964
2024-03-22,12.8507679596797
2024-03-26,10.787612638129502
2024-03-27,11.316989658181114
2024-03-28,13.705212008351026
2024-04-01,18.67718296661286
2024-04-02,19.48482394588737
2024-04-03,17.220075131395333
2024-04-04,16.70226099700173
2024-04-05,18.51786635176535
2024-04-08,18.656420973207133
2024-04-09,16.567059557768232
2024-04-10,12.160027767409105
2024-04-12,11.740080347982342
2024-04-15,5.8014063624791845
2024-04-16,5.966822881459535
2024-04-18,5.010881332403983
2024-04-19,6.502701097667369
2024-04-22,5.343592342839685
2024-04-23,6.306600515541533
2024-04-24,4.64060739311293
2024-04-25,4.110619169204057
2024-04-26,1.6855759721023844
2024-04-29,3.036708631822563
2024-04-30,2.1050625350677308
2024-05-02,5.070094471298233
2024-05-03,2.8885203532093158
2024-05-06,5.950890750713683
2024-05-07,7.243241198710194
2024-05-08,5.748768709935206
2024-05-09,5.185755442409544
2024-05-10,4.0205764185961925
2024-05-13,3.641377352513331
2024-05-14,1.5126463493724316
2024-05-15,0.42914763704300185
2024-05-16,0.8012312691465411
2024-05-17,1.6819790323726238
2024-05-21,-0.8452552308475276
2024-05-22,0.339096814752196
2024-05-23,4.322067040510433
2024-05-24,4.558552446041176
2024-05-27,4.0679523967328635
2024-05-28,2.6582771275243147
2024-05-29,-3.7725706201174773
2024-05-30,-10.991080174201699
2024-05-31,-6.665810763059824
2024-06-03,-1.5097965163355127
2024-06-04,-4.815643474102387
2024-06-05,-6.17784514450824
2024-06-06,0.8478732370425348
2024-06-07,6.719813496506191
2024-06-10,9.007237273299125
2024-06-11,10.838421037426542
2024-06-12,11.470610548525798
2024-06-13,10.141079789985554
2024-06-14,10.004423172793537
2024-06-18,9.233595351870605
2024-06-19,12.136746755193485
2024-06-20,10.889304700453522
2024-06-21,10.184516201173494
2024-06-24,8.068134528664075
2024-06-25,5.779604829361034
2024-06-26,5.344365519868546
2024-06-27,4.354740363625012
2024-06-28,2.199489717097208
2024-07-01,3.153553766465137
2024-07-02,2.426984661904271
2024-07-03,4.965506790998461
2024-07-04,4.838940351361941
2024-07-05,1.5282830834825063
2024-07-08,-0.37444061244494264
2024-07-09,-3.2151676166868697
2024-07-10,-3.6325863464934116
2024-07-11,-3.440031981843532
2024-07-12,-2.6362589007746067
2024-07-15,-6.47044810971812
2024-07-16,-3.9168174413839267
2024-07-18,-4.404960787627431
2024-07-19,-6.27705595727079
2024-07-22,-6.0358410445502955
2024-07-23,-1.7792471549641107
2024-07-24,-1.0360422648549559
2024-07-25,-2.667349228370938
2024-07-26,-2.719224610094699
2024-07-29,-2.2250200616087454
2024-07-30,0.4843977622918203
2024-07-31,-0.4865968142604231
2024-08-01,-3.6487086485713576
2024-08-02,-2.2192806642100606
2024-08-05,-2.2600595028492023
2024-08-06,-0.8034248357287197
2024-08-07,-0.5870332164869296
2024-08-08,-1.7500487744476345
2024-08-09,-3.2608646524977587
2024-08-12,-4.586467496068792
2024-08-13,-5.758992413172621
2024-08-14,-8.419413064425584
2024-08-16,-8.23687376862614
2024-08-19,-9.909919076880897
2024-08-20,-13.358982498288384
2024-08-21,-18.41428224174979
2024-08-22,-16.232697650067138
2024-08-23,-16.064547142702878
2024-08-26,-21.10955972163427
2024-08-27,-20.05442985586899
2024-08-28,-21.408906900545617
2024-08-29,-21.014811964132804
2024-08-30,-21.426913641084894
2024-09-02,-17.06238389155348
2024-09-03,-16.558792938788997
2024-09-04,-14.561597356844345
2024-09-05,-14.800586039055133
2024-09-06,-14.59550158545278
2024-09-09,-14.224601884405274
2024-09-10,-14.504694227922784
2024-09-11,-12.854131462278815
2024-09-12,-16.302270559840906
2024-09-13,-13.874138382834218
2024-09-16,-16.06694748028093
2024-09-17,-16.9019709383484
2024-09-18,-19.61900521345089
2024-09-19,-20.399297153365012
2024-09-20,-20.458454360576383
2024-09-23,-17.596258401461398
2024-09-24,-17.85001957619741
2024-09-25,-16.891796245129967
2024-09-26,-16.97484560788405
2024-09-27,-19.098713600825846
2024-09-30,-19.347012585490518
2024-10-01,-22.134542992136772
2024-10-03,-18.666335846255606
2024-10-04,-19.085802516486012
2024-10-07,-17.380963849378446
2024-10-08,-19.79840717961514
2024-10-09,-21.647454673818004
2024-10-10,-21.63533606764301
2024-10-11,-24.903146449978266
2024-10-14,-26.1310496923993
2024-10-15,-24.85325185742451
2024-10-16,-26.731238924535546
2024-10-17,-29.920310442502256
2024-10-18,-31.549947309859704
2024-10-21,-28.518531950609514
2024-10-22,-28.343084798024478
2024-10-23,-29.14968937753244
2024-10-24,-22.528615642131285
2024-10-25,-22.668931425658172
2024-10-28,-22.673195890782495
2024-10-29,-22.17906366808336
2024-10-30,-21.978568846833554
2024-10-31,-21.807255453017262
2024-11-01,-21.82483896862442
2024-11-04,-20.520650325930944
2024-11-05,-20.961298317399553
2024-11-06,-22.253791578850155
2024-11-07,-10.23483219358846
2024-11-08,-14.109789092089244
2024-11-11,-17.804104904457176
2024-11-12,-17.724394065696572
2024-11-13,-16.513366018602113
2024-11-14,-17.858792336606058
2024-11-18,-20.470871475087336
2024-11-19,-19.4914793622099
2024-11-21,-20.708139569679247
2024-11-22,-19.192227484391964
2024-11-25,-20.20883050915134
2024-11-26,-20.94827777525265
2024-11-27,-19.67268364866004
2024-11-28,-18.145856415010144
2024-11-29,-18.470280678088983
2024-12-02,-18.200602640914866
2024-12-03,-19.278392083051386
2024-12-04,-18.8573700916385
2024-12-05,-19.563660125072687
2024-12-06,-18.201103188790455
2024-12-09,-16.829884925541364
2024-12-10,-15.91310759322704
2024-12-11,-16.028926920016005
2024-12-12,-15.414918934702655
2024-12-13,-15.596793739331957
2024-12-16,-14.637174436836204
2024-12-17,-13.279373538667897
2024-12-18,-12.901646965803025
2024-12-19,-13.185924283178167
2024-12-20,-14.076391695259474
2024-12-23,-15.86889281159489
2024-12-24,-15.537833418210482
2024-12-26,-15.873792389636208
2024-12-27,-14.528205398736304
2024-12-30,-12.54457259597936
2024-12-31,-11.729840474319076
